day,Y_attr,R30_scaled
1,48.00621796294503,24.94178200394285
2,47.96262111254332,27.300650304690034
3,51.48283051195711,23.227098674831133
4,50.209878624789866,21.359214353836826
5,57.64460626093681,16.933628200672846
6,64.19111121903492,17.614893994079605
7,66.2203161719343,16.1830208789508
8,49.94333795688626,17.174655567803025
9,53.74089051523723,26.015061245871745
10,44.82275394307335,28.943820206134486
11,50.443873271353084,32.343131961215626
12,51.23967839486232,35.69407287873333
13,50.85762536211112,41.11602235167518
14,63.612347865867655,42.97183397656577
15,59.52026754565191,47.4726530849497
16,49.848615061148216,48.62199347241737
17,49.653910023592736,51.36686494739928
18,44.723626047010555,54.93525950262108
19,48.95479183872966,58.85831549791346
20,48.885576286263316,58.92500243132525
21,43.28797773337111,63.97783700646108
22,61.49712523155361,61.08449621857267
23,47.19185859630872,65.22744958714452
24,57.74118750612532,61.97559759021437
25,50.36472488951724,60.942032048874594
26,50.19699557408669,68.6898275593408
27,51.03878490565702,77.11891496340439
28,46.65147348593699,73.19009144409925
29,46.7125268875711,76.89510192980555
30,44.492042905118616,76.53785281636671
31,48.24478821815053,73.4121686379737
32,48.79436851026971,72.8354094257029
33,47.707807596694636,73.36537290153588
34,49.01341920710911,70.50116921223417
35,45.97690726756459,71.0584664256957
36,50.21597317735618,65.08122655709285
37,52.00756392886298,63.4096465138551
38,49.587906534609644,66.06489398472772
39,44.827854029701015,54.724311788882204
40,47.20189943307273,55.961237183671244
41,48.3148718713725,58.74294468814154
42,48.23441169696959,54.765942728148
43,49.63278146239345,52.629011743348286
44,56.90857027714758,50.568106461392794
45,56.55061669825167,47.965531777533
46,58.35129865397355,48.585508896495824
47,50.667586428769916,49.80108836420403
48,49.52942759655096,52.82729977480764
49,45.77046609848036,53.23505095382512
50,47.18342472747157,56.691980330477065
51,40.693353143347835,57.06904115698768
52,54.02378997505349,53.61066148403525
53,46.19667440545582,52.14756489802732
54,51.1805967301758,51.152334565309886
55,49.54204609665691,53.345286321843446
56,44.254472102498724,50.4824433778151
57,53.003508754706736,42.49602003262539
58,48.735069497065005,45.69604666374728
59,48.23684204420941,43.212146029312265
60,51.97739799509169,45.522359055905866
61,54.157033891002314,45.15695169636122
62,46.302060066044774,44.75711466652927
63,45.59089227409052,45.49975660324699
64,45.30489007382259,49.555126126162065
65,45.48187996300017,47.120024009396474
66,50.24177969992641,33.839909331482794
67,46.13803406764033,44.176908674144364
68,48.44110142408404,48.269581525848935
69,51.66543567021078,48.26430674331293
70,49.602851298405064,46.06357127564657
71,47.12022517494307,47.14636307021369
72,48.51369211697616,48.69026178590605
73,44.60070298498979,48.463536520582466
74,47.706655227875444,50.40031974577007
75,55.05545200102617,53.19911175585471
76,49.59885165244326,57.97652337310789
77,48.00468522041119,65.22769254426083
78,49.47754886694535,67.57373213370946
79,50.55172223520947,64.30666105762135
80,47.844369077041286,70.24097788744501
81,47.85152945001975,75.81117265309783
82,45.1238180501469,77.13527112362448
83,46.10330922928243,84.52451398564219
84,48.64437647430124,72.28423124666541
85,48.98228612175437,74.01170448832208
86,49.58428190125639,73.29050552739376
87,47.92331748969766,75.93199867649463
88,47.18114682868338,75.7514584936514
89,47.31739192963591,75.25565731827619
90,45.26915085936898,78.3563589229497
91,44.88617264430203,81.68569106411921
92,45.4150635872574,79.58284590822376
93,46.90932937704893,81.72483667044206
94,48.494912725298526,84.27064138056792
95,48.943854519817975,87.48309842873621
96,48.590597167281246,93.22848937818866
97,49.262647915689165,88.4199732593518
98,46.65610211744961,84.89938264626926
99,47.50784495847822,85.42995549028916
100,47.48640072735983,88.30914820866276
101,54.085553372634564,86.83812918804053
102,52.4472491488193,91.24703887281201
103,46.59656855628476,93.79028113952394
104,54.59961655437533,94.16553040822309
105,46.628671390733935,95.89974403366908
106,50.6093041971057,95.1216800526332
107,51.61417811210702,92.99494709779208
108,65.18719184040205,90.54893109357343
109,34.31192375264688,92.40883263055298
110,68.36246847409568,88.73725678741577
111,56.74739394984519,84.95053393455285
112,64.04360995524489,84.94862716892055
113,64.15952113831861,82.35360891213122
114,47.645917715778026,90.38876408499347
115,62.52390315026175,87.98773383440943
116,50.38511507384622,93.17595508452534
117,53.57132161022842,90.48707576670782
118,56.48273223709264,89.93678023144341
119,52.7220899364936,90.07176545459284
120,69.71431580979817,87.03010187592861
121,44.11716214835783,84.60992776436748
122,40.577048459891444,84.40271736977844
123,44.7875283271738,82.29481212354848
124,69.39622741893255,79.52842222516165
125,69.53821056310831,72.75404942508038
126,34.490258161246004,73.9651602783609
127,45.626845263094175,77.47578390164365
128,41.259921249924815,78.84482408575249
129,49.2495339775128,79.1062020254517
130,47.49948108523711,79.72363996294615
131,41.23898931599833,79.901893018975
132,67.25382826082472,71.79185855160217
133,71.3694428344066,63.771812969888245
134,69.16538087956798,60.58793043345222
135,50.44815881355724,47.566670656414445
136,30.679214542223406,44.523014635805566
137,59.64911874916542,43.85416336534348
138,40.88108916234958,45.180052543119274
139,62.56881078294324,43.04066458700785
140,35.2623254822839,50.433518752076054
141,41.36156517691355,63.631487863320956
142,46.76431328628252,66.77036693930974
143,53.25297304682342,61.422078448251696
144,46.012303185655256,68.31777533498831
145,45.85386914555697,72.71127976945101
146,49.32435194183673,58.59359990336819
147,45.50329346143852,66.79154822676526
148,45.35615386448894,66.93024186907799
149,45.998509105000295,65.02165227832486
150,45.69101367683022,67.57021285608138
151,48.60274559644978,70.6763296127718
152,49.02692218954533,73.08904833302083
153,51.52982972725404,76.45639015175776
154,47.80875216993181,75.49086753883893
155,50.35605054661252,77.16201213320217
156,53.266140086808385,76.80406743671038
157,50.24137008119382,73.9686860367155
158,47.89118031851504,71.26866994797197
159,48.18377157541153,73.47375363000211
160,52.61913422436067,69.86174468727206
161,45.84454879573347,67.30390312197649
162,46.10420504653613,72.28994886983146
163,52.00779383476112,73.26758841952127
164,46.425157573922995,73.576956199779
165,46.72504291087737,75.39675797882515
166,48.14104486547207,74.80907693220755
167,47.60755526640481,74.4557755922168
168,47.55195276158942,77.59607265707061
169,47.81567648932749,78.44207118487026
170,50.10032512656202,73.41202699484026
171,55.51423005424811,59.63454448357026
172,49.58725347073887,53.81344131683912
173,40.76522255479695,60.0309215677118
174,46.03867286343635,55.11278588736444
175,36.31867355882988,52.05605019801441
176,38.64702552274294,54.938504732003956
177,48.01296662755777,49.73636399674468
178,39.460200959703805,49.75205976796814
179,45.80576464383782,51.93637743059535
180,49.91303490694674,49.95436837371161
181,47.73724117406752,51.14354658281
182,51.50320249956768,52.543109391068874
183,51.11644272230525,49.1945182377192
184,47.26798286370409,49.83374175318514
185,46.64293224015338,49.64694996857706
186,44.497234319858656,51.164971813818795
187,43.83394297473572,51.265665077198186
188,45.34861634287511,54.242013015302916
189,46.670428519715934,51.949425877668666
190,46.8431962417475,50.59343937362976
191,47.510750373811995,52.64828467069187
192,50.64759420912289,46.65507999765024
193,50.22982901108219,46.87012604389969
194,43.93813993672577,45.67446423828203
195,44.77795360791377,45.63622753596434
196,51.66238029784547,44.23855079884566
197,50.06313451632241,43.81529956400762
198,49.96842215645083,40.478976248912545
199,46.36985435981846,39.16452184246027
200,46.957743447522525,38.131180750283114
201,48.41099992334041,40.22334418564482
202,49.55226280408046,41.877200266038194
203,50.26321364137206,38.39832350773725
204,46.11537121290094,36.579282585337744
205,45.93506872714447,37.26857845186053
206,48.29145190934813,37.19812158090557
207,46.84792432733535,37.922840381947786
208,45.69336954390191,38.36906939217701
209,47.453228087561236,35.333960806536155
210,47.64651677536963,33.638439107579075
211,49.56627142260327,32.486653963921704
212,46.463156804141605,32.45901508555612
213,44.85765817117179,34.46172399169761
214,45.140258265572584,32.75064131983325
215,49.670238518026295,35.25543815467202
216,45.85301603931661,37.21238725676939
217,47.137107111248696,50.0
218,46.76476443566797,50.0
219,50.753279952034354,50.0
220,47.565345749339656,50.0
221,50.48042174055354,50.0
222,45.703367256191925,50.0
223,47.48191435236372,50.0
224,49.545380380278374,50.0
225,49.91120477242176,50.0
226,48.10611463491882,50.0
227,49.391769613785556,50.0
228,47.66389881724445,50.0
229,45.288356284470765,50.0
230,47.02715224109152,50.0
231,45.20235551663351,50.0
232,50.529434508515536,50.0
233,46.09764081853227,50.0
234,46.70884954835425,50.0
235,47.53145086315731,50.0
236,47.438954985406745,50.0
237,47.4408098094564,50.0
238,45.91492661120657,50.0
239,52.74243147023301,50.0
240,46.12030235436307,50.0
241,47.03999735582661,50.0
242,49.20456685049599,50.0
243,48.29267893509423,50.0
244,47.79886491193793,50.0
245,50.07961229458249,50.0
246,46.99095094497975,50.0
