Тикер,Компания,Квартал / Полугодие,EBITDA (млн KZT),Net Debt / Чистый долг (млн KZT),FCFE / Свободный поток (млн KZT)
KMGZ,АО НК КазМунайГаз,Q1,582000,924000,141000
KMGZ,АО НК КазМунайГаз,Q2,598000,843000,198000
KMGZ,АО НК КазМунайГаз,Q3,631000,496000,511000
KMGZ,АО НК КазМунайГаз,Q4,582000,375000,383000
KZAP,НАК Казатомпром,H1,493000,-211000,162000
KZAP,НАК Казатомпром,H2,640489,140000,285000
KEGC,АО KEGOC,H1,63400,114500,12100
KEGC,АО KEGOC,H2,71800,98300,22400
KZTO,АО КазТрансОйл,Q1,32400,-42000,14300
KZTO,АО КазТрансОйл,Q2,36200,-48300,18100
KZTO,АО КазТрансОйл,Q3,35100,-52100,12400
KZTO,АО КазТрансОйл,Q4,42300,-58400,-23100
KCEL,АО Kcell,Q1,22400,102300,-11400
KCEL,АО Kcell,Q2,25300,111200,-8200
KCEL,АО Kcell,Q3,35800,118400,1800
KCEL,АО Kcell,Q4,23100,125400,-13400
AIRA,Air Astana PJSC,H1,67200,210500,-18300
AIRA,Air Astana PJSC,H2,87300,278100,8200
KZTK,АО Казахтелеком,H1,108000,121000,-42100
KZTK,АО Казахтелеком,H2,116500,92800,-18200
