"Date","Price","Open","High","Low","Vol.","Change %"
"12/09/2022","9,030.00","8,887.00","9,048.00","8,657.00","261.50K","1.57%"
"12/12/2022","8,983.01","9,025.00","9,039.49","8,670.00","82.88K","-0.52%"
"12/13/2022","9,155.02","9,002.00","9,160.00","9,000.00","310.13K","1.91%"
"12/14/2022","9,154.00","9,155.00","9,170.79","9,125.00","79.80K","-0.01%"
"12/15/2022","9,224.00","9,154.10","9,240.00","9,135.00","113.94K","0.76%"
"12/19/2022","9,222.90","9,224.00","9,229.00","9,150.01","66.79K","-0.01%"
"12/20/2022","9,332.39","9,218.00","9,334.00","9,135.00","173.80K","1.19%"
"12/21/2022","9,310.00","9,332.00","9,335.00","9,272.00","42.69K","-0.24%"
"12/22/2022","9,350.00","9,310.00","9,350.00","9,015.00","190.60K","0.43%"
"12/23/2022","9,305.00","9,345.00","9,350.00","9,300.00","69.27K","-0.48%"
"12/26/2022","9,450.00","9,340.00","9,450.00","9,325.00","315.47K","1.56%"
"12/27/2022","9,499.00","9,460.00","9,500.00","9,445.00","122.89K","0.52%"
"12/28/2022","9,440.00","9,500.00","9,500.00","9,400.00","66.92K","-0.62%"
"12/29/2022","9,301.00","9,440.00","9,449.00","9,300.00","27.73K","-1.47%"
"12/30/2022","9,430.00","9,304.00","9,439.99","9,250.00","96.18K","1.39%"
"01/04/2023","9,199.01","9,400.00","9,430.00","9,199.01","53.11K","-2.45%"
"01/05/2023","9,015.00","9,199.01","9,199.02","9,015.00","44.91K","-2.00%"
"01/06/2023","9,100.00","9,010.00","9,115.24","9,003.00","41.02K","0.94%"
"01/09/2023","9,290.00","9,200.00","9,305.00","9,190.00","60.26K","2.09%"
"01/10/2023","9,240.00","9,250.00","9,290.00","9,201.00","29.30K","-0.54%"
"01/11/2023","9,225.00","9,205.00","9,248.00","9,200.01","24.66K","-0.16%"
"01/12/2023","9,505.00","9,200.00","9,523.00","9,200.00","189.38K","3.04%"
"01/13/2023","9,548.00","9,500.00","9,550.00","9,455.01","120.88K","0.45%"
"01/16/2023","9,511.99","9,515.00","9,548.00","9,495.00","50.08K","-0.38%"
"01/17/2023","9,560.00","9,506.00","9,569.99","9,505.00","84.25K","0.50%"
"01/18/2023","9,695.00","9,560.04","9,715.22","9,560.04","161.56K","1.41%"
"01/19/2023","9,467.15","9,620.00","9,650.00","9,400.00","167.58K","-2.35%"
"01/20/2023","9,589.99","9,480.00","9,615.00","9,460.01","44.03K","1.30%"
"01/23/2023","9,725.00","9,550.00","9,725.00","9,550.00","106.91K","1.41%"
"01/24/2023","9,720.00","9,700.00","9,726.00","9,501.00","96.72K","-0.05%"
"01/25/2023","9,605.01","9,680.10","9,704.00","9,600.01","21.66K","-1.18%"
"01/26/2023","9,627.01","9,604.50","9,649.99","9,600.00","16.31K","0.23%"
"01/27/2023","9,690.00","9,640.00","9,719.99","9,602.00","97.82K","0.65%"
"01/30/2023","9,650.00","9,650.00","9,668.00","9,425.00","45.46K","-0.41%"
"01/31/2023","9,520.10","9,575.00","9,650.00","9,500.00","56.01K","-1.35%"
"02/01/2023","9,550.00","9,520.10","9,573.00","9,500.00","48.56K","0.31%"
"02/02/2023","9,442.05","9,525.00","9,550.00","9,442.05","34.56K","-1.13%"
"02/03/2023","9,414.99","9,440.00","9,440.00","9,350.00","68.44K","-0.29%"
"02/06/2023","9,400.00","9,395.00","9,450.00","9,357.37","31.40K","-0.16%"
"02/07/2023","9,438.00","9,380.00","9,490.00","9,370.00","27.84K","0.40%"
"02/08/2023","9,637.00","9,431.00","9,659.99","9,430.10","166.78K","2.11%"
"02/09/2023","9,610.00","9,610.01","9,668.00","9,575.00","75.39K","-0.28%"
"02/10/2023","9,645.00","9,630.00","9,666.00","9,470.00","123.61K","0.36%"
"02/13/2023","9,614.00","9,601.00","9,645.00","9,590.00","43.40K","-0.32%"
"02/14/2023","9,885.00","9,614.00","9,907.11","9,600.00","588.87K","2.82%"
"02/15/2023","10,000.00","9,885.00","10,024.00","9,880.01","329.16K","1.16%"
"02/16/2023","10,000.00","10,000.00","10,014.99","9,985.00","79.59K","0.00%"
"02/17/2023","10,000.00","10,000.00","10,015.00","9,970.00","117.39K","0.00%"
"02/20/2023","9,999.99","10,000.00","10,010.00","9,965.00","143.62K","0.00%"
"02/21/2023","9,750.00","9,967.00","10,000.00","9,750.00","47.86K","-2.50%"
"02/22/2023","9,555.55","9,750.00","9,758.00","9,540.00","53.37K","-1.99%"
"02/23/2023","9,551.00","9,555.00","9,560.00","9,550.00","29.16K","-0.05%"
"02/24/2023","9,670.00","9,623.00","9,719.23","9,623.00","10.80K","1.25%"
"02/27/2023","9,696.00","9,670.00","9,700.04","9,604.00","19.53K","0.27%"
"02/28/2023","9,765.00","9,648.01","9,785.93","9,610.02","36.36K","0.71%"
"03/01/2023","9,706.15","9,700.02","9,750.00","9,700.01","34.22K","-0.60%"
"03/02/2023","9,660.01","9,706.00","9,706.00","9,620.05","25.68K","-0.48%"
"03/03/2023","9,560.00","9,655.00","9,655.00","9,555.00","14.12K","-1.04%"
"03/06/2023","9,600.00","9,560.00","9,675.00","9,550.00","88.69K","0.42%"
"03/07/2023","9,700.00","9,600.00","9,749.00","9,560.00","140.88K","1.04%"
"03/09/2023","9,400.00","9,649.00","9,690.00","9,382.00","44.81K","-3.09%"
"03/10/2023","9,389.85","9,389.99","9,400.00","9,357.00","12.40K","-0.11%"
"03/13/2023","9,373.00","9,387.00","9,509.15","9,331.00","96.01K","-0.18%"
"03/14/2023","9,000.00","9,350.00","9,350.00","9,000.00","52.76K","-3.98%"
"03/15/2023","8,996.96","8,975.00","9,090.00","8,957.00","28.16K","-0.03%"
"03/16/2023","8,671.00","8,970.00","8,989.00","8,000.00","144.31K","-3.62%"
"03/17/2023","8,826.50","8,655.00","8,885.00","8,650.00","42.61K","1.79%"
"03/20/2023","8,464.00","8,750.00","8,786.00","8,450.00","50.20K","-4.11%"
"03/24/2023","8,843.00","8,464.01","8,935.00","8,464.01","83.23K","4.48%"
"03/27/2023","8,800.00","8,844.01","8,888.00","8,800.00","31.78K","-0.49%"
"03/28/2023","8,875.00","8,867.81","8,915.00","8,800.03","56.73K","0.85%"
"03/29/2023","8,940.01","8,880.00","8,989.00","8,821.00","40.59K","0.73%"
"03/30/2023","9,188.98","8,925.00","9,195.00","8,880.00","88.49K","2.78%"
"03/31/2023","9,320.00","9,199.00","9,344.90","9,199.00","95.98K","1.43%"
"04/03/2023","9,500.00","9,350.00","9,554.59","9,323.01","147.58K","1.93%"
"04/04/2023","9,400.01","9,535.00","9,540.00","9,400.00","31.05K","-1.05%"
"04/05/2023","9,415.00","9,440.00","9,489.99","9,415.00","22.35K","0.16%"
"04/06/2023","9,995.00","9,399.99","9,995.00","9,350.00","650.66K","6.16%"
"04/07/2023","10,345.00","9,950.00","10,406.00","9,920.00","589.87K","3.50%"
"04/10/2023","10,275.00","10,344.00","10,345.00","10,098.00","231.36K","-0.68%"
"04/11/2023","10,299.99","10,200.01","10,300.00","10,115.00","238.67K","0.24%"
"04/12/2023","10,379.99","10,226.00","10,399.99","10,160.00","250.49K","0.78%"
"04/13/2023","10,329.00","10,350.00","10,370.00","10,301.00","162.86K","-0.49%"
"04/14/2023","10,291.00","10,310.00","10,328.99","10,211.00","147.29K","-0.37%"
"04/17/2023","10,279.00","10,250.00","10,300.00","10,235.00","42.25K","-0.12%"
"04/18/2023","10,369.00","10,261.00","10,393.00","10,235.00","288.97K","0.88%"
"04/19/2023","10,539.49","10,301.00","10,559.00","10,301.00","325.24K","1.64%"
"04/20/2023","10,420.01","10,500.00","10,500.00","10,375.00","102.83K","-1.13%"
"04/21/2023","10,425.96","10,400.00","10,429.20","10,399.98","49.85K","0.06%"
"04/24/2023","10,402.00","10,380.00","10,428.99","10,352.00","44.13K","-0.23%"
"04/25/2023","10,300.00","10,400.00","10,414.00","10,000.00","74.59K","-0.98%"
"04/26/2023","10,200.00","10,300.00","10,300.00","10,185.00","85.82K","-0.97%"
"04/27/2023","10,100.00","10,180.00","10,190.00","9,400.00","31.39K","-0.98%"
"04/28/2023","10,129.00","10,100.00","10,169.99","10,040.60","48.46K","0.29%"
"05/02/2023","10,298.00","10,076.00","10,311.00","10,076.00","57.76K","1.67%"
"05/03/2023","10,079.00","10,240.00","10,240.00","9,900.00","22.25K","-2.13%"
"05/04/2023","10,099.99","10,070.00","10,100.00","9,850.01","38.20K","0.21%"
"05/05/2023","10,100.00","10,100.00","10,100.00","10,050.00","24.89K","0.00%"
"05/10/2023","10,250.00","10,080.21","10,255.00","10,066.02","46.25K","1.49%"
"05/11/2023","10,170.00","10,250.00","10,250.00","10,122.00","43.03K","-0.78%"
"05/12/2023","10,168.00","10,169.33","10,170.00","10,120.01","26.41K","-0.02%"
"05/15/2023","10,200.00","10,110.00","10,230.10","10,100.00","88.60K","0.31%"
"05/16/2023","10,160.00","10,151.00","10,200.00","10,131.00","45.20K","-0.39%"
"05/17/2023","10,080.02","10,160.00","10,160.00","10,080.02","18.67K","-0.79%"
"05/18/2023","10,319.00","10,110.00","10,320.00","10,095.00","149.01K","2.37%"
"05/19/2023","10,299.99","10,300.00","10,319.00","10,175.00","145.57K","-0.18%"
"05/22/2023","10,299.98","10,300.00","10,302.00","10,202.00","21.24K","0.00%"
"05/23/2023","10,290.00","10,230.00","10,299.98","10,206.92","76.70K","-0.10%"
"05/24/2023","10,369.99","10,261.55","10,370.00","10,201.00","110.45K","0.78%"
"05/25/2023","10,312.05","10,260.00","10,350.00","10,250.22","40.30K","-0.56%"
"05/26/2023","10,310.00","10,310.00","10,330.01","10,230.00","60.07K","-0.02%"
"05/29/2023","10,030.01","10,100.00","10,100.00","9,910.00","17.47K","-2.72%"
"05/30/2023","9,949.00","10,030.00","10,088.98","9,910.00","28.92K","-0.81%"
"05/31/2023","9,950.00","9,947.99","9,950.00","9,880.00","50.25K","0.01%"
"06/01/2023","9,999.99","9,940.00","9,999.99","9,890.00","36.69K","0.50%"
"06/02/2023","10,000.00","10,000.00","10,050.00","9,950.00","41.04K","0.00%"
"06/05/2023","10,150.00","10,000.00","10,170.00","9,995.00","22.78K","1.50%"
"06/06/2023","10,070.00","10,125.00","10,125.00","10,060.02","30.25K","-0.79%"
"06/07/2023","10,030.00","10,040.00","10,100.00","10,030.00","12.49K","-0.40%"
"06/08/2023","10,068.99","10,060.00","10,105.00","10,030.00","10.47K","0.39%"
"06/09/2023","10,020.00","10,068.00","10,068.99","10,020.00","2.25K","-0.49%"
"06/12/2023","10,004.00","10,022.22","10,032.00","9,995.00","7.14K","-0.16%"
"06/13/2023","9,974.99","10,000.00","10,020.00","9,930.00","10.39K","-0.29%"
"06/14/2023","9,950.00","9,975.00","10,060.00","9,601.01","60.90K","-0.25%"
"06/15/2023","9,930.00","9,925.00","10,000.00","9,920.01","4.15K","-0.20%"
"06/16/2023","9,975.00","9,930.00","9,997.43","9,925.00","8.54K","0.45%"
"06/19/2023","9,999.99","9,998.01","10,010.00","9,920.00","19.87K","0.25%"
"06/20/2023","9,980.00","9,999.99","10,008.00","9,800.02","33.94K","-0.20%"
"06/21/2023","10,085.00","9,970.00","10,100.00","9,970.00","58.21K","1.05%"
"06/22/2023","10,077.57","10,050.00","10,090.00","10,010.01","10.23K","-0.07%"
"06/23/2023","9,970.00","10,077.57","10,099.99","9,970.00","9.66K","-1.07%"
"06/26/2023","10,200.00","9,970.00","10,242.00","9,970.00","67.04K","2.31%"
"06/27/2023","10,000.00","10,170.70","10,170.70","10,000.00","38.68K","-1.96%"
"06/29/2023","10,089.86","10,000.00","10,089.86","9,990.00","26.47K","0.90%"
"06/30/2023","10,097.99","10,000.50","10,098.00","10,000.00","39.15K","0.08%"
"07/01/2023","10,070.00","10,079.79","10,079.79","10,000.00","3.43K","-0.28%"
"07/03/2023","10,050.00","10,070.00","10,079.80","9,980.00","71.13K","-0.20%"
"07/04/2023","10,040.00","10,049.50","10,090.00","9,962.00","29.65K","-0.10%"
"07/05/2023","9,950.00","10,000.00","10,040.00","9,950.00","13.75K","-0.90%"
"07/10/2023","10,059.97","10,039.90","10,100.00","9,800.00","32.90K","1.11%"
"07/11/2023","9,990.09","10,002.00","10,059.59","9,975.00","15.42K","-0.69%"
"07/12/2023","9,999.99","9,990.00","10,043.45","9,960.00","7.91K","0.10%"
"07/13/2023","10,010.00","10,000.00","10,010.00","9,952.00","10.60K","0.10%"
"07/14/2023","9,953.01","10,010.00","10,019.19","9,952.05","2.31K","-0.57%"
"07/17/2023","10,190.00","9,953.00","10,199.00","9,945.00","125.44K","2.38%"
"07/18/2023","10,480.00","10,150.50","10,500.00","10,050.00","241.09K","2.85%"
"07/19/2023","10,950.00","10,453.49","10,999.00","10,381.11","167.21K","4.48%"
"07/20/2023","10,870.00","10,877.70","10,990.00","10,770.00","65.21K","-0.73%"
"07/21/2023","11,000.00","10,900.00","11,100.00","10,860.00","54.66K","1.20%"
"07/24/2023","10,930.00","10,900.00","10,947.87","10,850.01","22.21K","-0.64%"
"07/25/2023","10,900.00","10,930.00","11,400.00","10,900.00","97.39K","-0.27%"
"07/26/2023","10,920.00","10,901.00","10,960.00","10,822.86","41.26K","0.18%"
"07/27/2023","10,916.00","10,950.00","10,968.60","10,850.00","6.84K","-0.04%"
"07/28/2023","10,860.00","10,900.00","10,920.00","10,780.00","31.62K","-0.51%"
"07/31/2023","10,935.90","10,850.01","10,935.90","10,800.00","19.01K","0.70%"
"08/01/2023","10,948.40","10,934.00","10,948.40","10,840.00","31.77K","0.11%"
"08/02/2023","10,900.00","10,950.00","10,950.00","10,850.02","10.45K","-0.44%"
"08/03/2023","10,910.00","10,900.00","10,935.00","10,855.00","9.64K","0.09%"
"08/04/2023","10,890.00","10,910.00","10,930.00","10,701.02","94.24K","-0.18%"
"08/07/2023","10,830.00","10,890.00","10,890.00","10,830.00","24.27K","-0.55%"
"08/08/2023","10,930.00","10,821.00","10,930.00","10,800.00","62.19K","0.92%"
"08/09/2023","10,900.00","10,920.00","10,930.00","10,800.00","37.78K","-0.27%"
"08/10/2023","10,895.00","10,900.00","10,995.00","10,810.00","120.01K","-0.05%"
"08/11/2023","10,918.10","10,850.01","10,918.10","10,810.00","46.47K","0.21%"
"08/14/2023","10,897.90","10,915.00","10,917.98","10,800.00","53.65K","-0.19%"
"08/15/2023","10,900.00","10,897.90","10,900.00","10,706.00","76.69K","0.02%"
"08/16/2023","10,900.00","10,840.00","10,900.00","10,775.02","71.43K","0.00%"
"08/17/2023","10,913.99","10,815.02","10,914.00","10,785.00","73.15K","0.13%"
"08/18/2023","10,859.00","10,913.99","10,923.13","10,800.03","55.45K","-0.50%"
"08/21/2023","10,811.11","10,859.00","10,908.00","10,700.00","75.54K","-0.44%"
"08/22/2023","10,900.00","10,800.00","10,900.00","10,710.00","98.70K","0.82%"
"08/23/2023","10,800.00","10,830.00","10,887.80","9,800.00","201.71K","-0.92%"
"08/24/2023","10,818.45","10,830.00","10,881.18","9,750.00","103.82K","0.17%"
"08/25/2023","10,777.77","10,801.00","10,830.00","10,760.02","43.81K","-0.38%"
"08/28/2023","10,739.98","10,777.77","10,804.77","10,300.00","71.67K","-0.35%"
"08/29/2023","10,800.00","10,738.00","10,850.00","10,500.01","98.15K","0.56%"
"08/31/2023","11,100.00","10,750.00","11,100.00","10,740.00","242.98K","2.78%"
"09/01/2023","11,200.00","11,009.00","11,211.00","10,900.01","193.58K","0.90%"
"09/04/2023","11,350.00","11,150.00","11,370.00","11,101.00","94.94K","1.34%"
"09/05/2023","11,500.00","11,350.00","11,510.00","11,300.01","389.02K","1.32%"
"09/06/2023","11,650.00","11,450.00","11,650.00","11,450.00","80.38K","1.30%"
"09/07/2023","11,800.00","11,700.00","11,850.00","11,640.03","93.08K","1.29%"
"09/08/2023","11,850.00","11,800.00","11,978.56","11,740.02","135.55K","0.42%"
"09/11/2023","11,850.00","11,840.00","11,851.00","11,800.00","72.80K","0.00%"
"09/12/2023","11,850.00","11,850.00","11,855.00","11,780.10","34.51K","0.00%"
"09/13/2023","11,900.00","11,860.00","11,900.00","11,828.00","73.06K","0.42%"
"09/14/2023","11,950.00","11,900.00","11,950.00","11,840.00","41.44K","0.42%"
"09/15/2023","11,950.00","11,949.99","12,029.00","11,860.00","30.58K","0.00%"
"09/18/2023","11,920.00","11,950.00","12,102.00","11,900.00","44.16K","-0.25%"
"09/19/2023","11,900.00","11,920.00","11,950.00","11,900.00","3.17K","-0.17%"
"09/20/2023","11,815.00","11,900.00","11,900.00","11,732.68","10.29K","-0.71%"
"09/21/2023","11,750.00","11,847.99","11,848.00","11,661.10","12.08K","-0.55%"
"09/22/2023","11,700.00","11,700.00","11,759.00","11,690.00","5.73K","-0.43%"
"09/25/2023","11,699.00","11,700.00","11,700.00","11,556.00","57.59K","-0.01%"
"09/26/2023","11,948.00","11,650.00","12,000.02","11,600.00","47.35K","2.13%"
"09/27/2023","11,850.00","11,948.00","11,968.50","11,790.00","11.12K","-0.82%"
"09/28/2023","11,840.00","11,867.00","11,867.00","11,810.00","11.69K","-0.08%"
"09/29/2023","11,857.94","11,866.00","11,866.00","11,810.00","4.35K","0.15%"
"10/02/2023","11,880.00","11,860.00","11,909.99","11,810.00","6.11K","0.19%"
"10/03/2023","11,750.00","11,820.00","11,872.00","11,750.00","15.58K","-1.09%"
"10/04/2023","11,746.00","11,800.00","11,850.00","11,745.00","3.20K","-0.03%"
"10/05/2023","11,697.00","11,710.00","11,746.00","11,670.00","2.33K","-0.42%"
"10/06/2023","11,656.89","11,697.00","11,697.00","11,582.18","26.51K","-0.34%"
"10/09/2023","11,800.00","11,665.99","11,852.00","11,560.00","32.01K","1.23%"
"10/10/2023","11,796.39","11,796.80","11,796.80","11,700.00","11.42K","-0.03%"
"10/11/2023","11,808.00","11,796.00","11,808.00","11,663.37","24.98K","0.10%"
"10/12/2023","11,780.00","11,800.00","11,805.00","11,701.14","14.90K","-0.24%"
"10/13/2023","11,741.00","11,780.00","11,780.00","11,636.00","42.43K","-0.33%"
"10/16/2023","11,783.10","11,741.00","11,808.00","11,701.00","5.42K","0.36%"
"10/17/2023","11,781.99","11,780.00","11,781.99","11,700.00","7.78K","-0.01%"
"10/18/2023","11,796.00","11,790.00","11,799.00","11,700.00","46.45K","0.12%"
"10/19/2023","11,712.00","11,795.00","11,795.00","11,710.09","3.69K","-0.71%"
"10/20/2023","11,748.00","11,713.00","11,750.00","11,700.00","10.02K","0.31%"
"10/23/2023","11,620.00","11,700.00","11,749.99","11,585.00","10.31K","-1.09%"
"10/24/2023","11,565.00","11,610.00","11,610.00","11,400.00","35.93K","-0.47%"
"10/26/2023","11,520.00","11,585.00","11,600.00","11,322.00","68.77K","-0.39%"
"10/27/2023","11,400.00","11,500.00","11,550.00","11,290.00","67.73K","-1.04%"
"10/30/2023","11,420.00","11,400.00","11,500.00","11,400.00","3.43K","0.18%"
"10/31/2023","11,400.00","11,420.00","11,433.20","11,357.00","9.89K","-0.18%"
"11/01/2023","11,290.00","11,400.00","11,433.20","11,251.01","18.04K","-0.96%"
"11/02/2023","11,299.00","11,290.00","11,300.00","11,200.00","12.51K","0.08%"
"11/03/2023","11,270.01","11,299.00","11,300.00","11,235.00","12.80K","-0.26%"
"11/06/2023","11,271.00","11,270.00","11,271.00","11,210.00","7.53K","0.01%"
"11/07/2023","11,300.00","11,271.00","11,300.00","10,860.00","39.06K","0.26%"
"11/08/2023","11,312.00","11,300.00","11,312.00","11,230.00","5.62K","0.11%"
"11/09/2023","11,320.00","11,312.00","11,320.00","11,221.00","5.42K","0.07%"
"11/10/2023","11,355.00","11,352.40","11,362.50","11,250.51","3.77K","0.31%"
"11/13/2023","11,410.00","11,355.00","11,410.00","11,275.00","8.14K","0.48%"
"11/14/2023","11,430.00","11,410.00","11,430.00","11,390.00","11.72K","0.18%"
"11/15/2023","11,482.99","11,433.00","11,483.00","11,433.00","2.60K","0.46%"
"11/16/2023","11,500.00","11,482.99","11,500.00","11,455.00","2.41K","0.15%"
"11/17/2023","11,544.00","11,544.30","11,544.30","11,500.00","2.66K","0.38%"
"11/20/2023","11,555.55","11,500.00","11,559.00","11,450.00","11.72K","0.10%"
"11/21/2023","11,600.00","11,555.55","11,600.00","11,502.00","5.40K","0.38%"
"11/22/2023","11,599.99","11,600.00","11,607.00","11,521.00","5.15K","0.00%"
"11/23/2023","11,574.00","11,601.00","11,601.00","11,573.02","5.52K","-0.22%"
"11/24/2023","11,585.00","11,574.00","11,590.00","11,550.00","13.34K","0.10%"
"11/27/2023","11,560.00","11,585.00","11,585.00","11,528.00","15.02K","-0.22%"
"11/28/2023","11,535.00","11,559.95","11,560.00","11,491.00","11.73K","-0.22%"
"11/29/2023","11,600.00","11,535.00","11,600.00","11,500.00","27.93K","0.56%"
"11/30/2023","11,595.00","11,600.00","11,626.00","11,571.00","5.14K","-0.04%"
"12/01/2023","11,580.00","11,595.00","11,595.00","11,541.00","14.02K","-0.13%"
"12/04/2023","11,544.00","11,580.00","11,594.80","11,482.19","20.40K","-0.31%"
"12/05/2023","11,540.95","11,500.00","11,542.65","11,480.00","3.23K","-0.03%"
"12/06/2023","11,480.00","11,543.00","11,543.00","11,480.00","16.48K","-0.53%"
"12/07/2023","11,544.00","11,539.00","11,544.00","11,453.00","29.02K","0.56%"
"12/08/2023","11,501.00","11,600.00","11,600.00","11,495.00","24.68K","-0.37%"
"12/11/2023","11,452.00","11,500.00","11,514.00","11,450.00","22.63K","-0.43%"
"12/12/2023","11,509.99","11,452.00","11,513.00","11,452.00","13.26K","0.51%"
"12/13/2023","11,500.00","11,500.00","11,508.00","11,461.02","15.68K","-0.09%"
"12/14/2023","11,500.00","11,500.00","11,515.00","11,453.00","5.51K","0.00%"
"12/15/2023","11,441.00","11,460.06","11,499.35","11,440.11","11.79K","-0.51%"
"12/19/2023","11,503.00","11,444.00","11,504.00","11,440.00","48.44K","0.54%"
"12/20/2023","11,452.01","11,500.00","11,515.00","11,451.00","23.30K","-0.44%"
"12/21/2023","11,473.00","11,452.01","11,498.00","11,452.00","13.04K","0.18%"
"12/22/2023","11,540.00","11,534.20","11,550.00","11,460.01","14.64K","0.58%"
"12/25/2023","11,498.00","11,540.00","11,573.99","11,470.00","10.94K","-0.36%"
"12/26/2023","11,459.00","11,498.00","11,509.90","11,440.00","30.89K","-0.34%"
"12/27/2023","11,500.00","11,459.00","11,518.75","11,440.00","9.34K","0.36%"
"12/28/2023","11,510.00","11,450.00","11,510.00","11,450.00","3.82K","0.09%"
"12/29/2023","11,541.00","11,510.00","11,554.39","11,460.10","17.92K","0.27%"
"01/03/2024","11,480.00","11,480.00","11,537.68","11,480.00","2.62K","-0.53%"
"01/04/2024","11,420.00","11,480.00","11,512.00","11,420.00","6.08K","-0.52%"
"01/05/2024","11,490.00","11,420.00","11,521.80","11,400.05","5.60K","0.61%"
"01/08/2024","11,482.00","11,490.00","11,500.00","11,461.00","1.10K","-0.07%"
"01/09/2024","11,493.00","11,498.47","11,498.47","11,411.02","4.09K","0.10%"
"01/10/2024","11,485.00","11,500.00","11,500.00","11,433.33","7.82K","-0.07%"
"01/11/2024","11,489.90","11,486.00","11,495.00","11,420.00","1.54K","0.04%"
"01/12/2024","11,475.00","11,488.67","11,489.00","11,439.00","6.25K","-0.13%"
"01/15/2024","12,000.00","11,475.00","12,000.00","11,440.00","62.79K","4.58%"
"01/16/2024","11,998.12","11,900.00","12,000.00","11,900.00","10.75K","-0.02%"
"01/17/2024","11,550.00","11,940.00","11,999.94","11,500.00","38.31K","-3.73%"
"01/18/2024","11,500.00","11,505.00","11,613.00","11,500.00","5.14K","-0.43%"
"01/19/2024","11,600.00","11,490.00","11,620.00","11,450.00","12.58K","0.87%"
"01/22/2024","11,999.99","11,600.00","12,000.00","11,550.00","28.28K","3.45%"
"01/23/2024","11,830.00","11,950.00","11,990.00","11,830.00","6.22K","-1.42%"
"01/24/2024","12,100.00","11,830.00","12,150.00","11,781.00","65.69K","2.28%"
"01/25/2024","12,100.00","12,099.99","12,100.00","11,901.00","31.94K","0.00%"
"01/26/2024","12,200.00","12,099.98","12,200.00","12,006.00","35.20K","0.83%"
"01/29/2024","11,950.00","12,200.00","12,200.00","11,900.00","18.84K","-2.05%"
"01/30/2024","11,780.00","11,900.00","12,000.00","11,520.12","21.00K","-1.42%"
"01/31/2024","11,933.15","11,800.00","11,999.00","11,590.00","30.71K","1.30%"
"02/01/2024","11,848.90","11,920.00","11,920.00","11,704.00","10.25K","-0.71%"
"02/02/2024","12,150.00","11,770.00","12,150.00","10,890.00","67.73K","2.54%"
"02/05/2024","12,298.99","12,120.00","12,298.99","11,880.00","38.87K","1.23%"
"02/06/2024","12,322.00","12,220.00","12,322.00","12,010.01","25.91K","0.19%"
"02/07/2024","12,281.60","12,250.00","12,300.00","12,175.00","8.57K","-0.33%"
"02/08/2024","12,170.00","12,281.60","12,281.60","12,170.00","2.95K","-0.91%"
"02/09/2024","12,150.00","12,150.01","12,221.00","12,150.00","2.63K","-0.16%"
"02/12/2024","12,150.00","12,080.02","12,199.34","12,060.01","3.56K","0.00%"
"02/13/2024","12,086.00","12,080.06","12,199.02","12,080.06","1.05K","-0.53%"
"02/14/2024","12,200.00","12,086.00","12,200.79","12,086.00","2.67K","0.94%"
"02/15/2024","12,039.61","12,200.00","12,200.00","11,801.00","22.25K","-1.31%"
"02/16/2024","12,100.00","12,015.00","12,135.02","12,015.00","1.94K","0.50%"
"02/19/2024","12,010.00","12,015.00","12,100.00","11,620.12","8.17K","-0.74%"
"02/20/2024","12,030.84","12,010.00","12,048.70","11,950.00","1.23K","0.17%"
"02/21/2024","11,950.01","11,950.00","12,037.13","11,910.00","5.12K","-0.67%"
"02/22/2024","11,990.30","11,950.02","12,013.98","11,910.10","1.73K","0.34%"
"02/23/2024","12,200.00","11,989.00","12,211.00","11,930.01","11.22K","1.75%"
"02/26/2024","12,050.00","12,200.00","12,200.00","12,050.00","3.98K","-1.23%"
"02/27/2024","12,044.90","12,050.00","12,088.00","12,020.00","1.11K","-0.04%"
"02/28/2024","12,040.00","12,077.30","12,077.40","12,040.00","0.92K","-0.04%"
"02/29/2024","11,950.00","12,021.03","12,073.00","11,950.00","4.08K","-0.75%"
"03/01/2024","12,000.00","12,000.10","12,074.03","12,000.00","2.38K","0.42%"
"03/04/2024","12,000.02","12,000.00","12,025.00","12,000.00","0.82K","0.00%"
"03/05/2024","12,000.00","12,000.02","12,025.00","11,980.00","0.81K","0.00%"
"03/06/2024","12,000.00","12,000.00","12,025.00","11,970.00","0.68K","0.00%"
"03/07/2024","11,950.00","12,000.00","12,020.00","11,950.00","1.03K","-0.42%"
"03/11/2024","11,901.00","11,930.00","11,999.68","11,900.00","1.83K","-0.41%"
"03/12/2024","12,000.00","11,910.00","12,020.00","11,870.00","6.51K","0.83%"
"03/13/2024","11,951.00","11,990.00","11,990.00","11,925.00","1.92K","-0.41%"
"03/14/2024","12,170.00","11,950.00","12,170.00","11,900.02","4.29K","1.83%"
"03/15/2024","12,080.01","12,170.00","12,170.00","12,080.00","2.25K","-0.74%"
"03/18/2024","12,009.99","12,109.00","12,109.00","11,990.00","3.23K","-0.58%"
"03/19/2024","12,000.00","12,009.00","12,050.00","11,950.00","3.59K","-0.08%"
"03/20/2024","11,949.00","12,000.00","12,000.00","11,949.00","2.87K","-0.43%"
"03/26/2024","11,919.00","11,950.00","12,000.00","11,851.00","4.32K","-0.25%"
"03/27/2024","12,044.00","11,919.00","12,044.00","11,870.00","3.72K","1.05%"
"03/28/2024","12,100.00","12,044.00","12,200.00","11,992.02","8.85K","0.46%"
"03/29/2024","12,105.00","12,100.00","12,170.25","12,079.22","1.26K","0.04%"
"04/01/2024","12,150.00","12,100.00","12,180.00","12,070.00","6.47K","0.37%"
"04/02/2024","12,112.01","12,150.00","12,216.96","12,100.00","4.16K","-0.31%"
"04/03/2024","12,100.00","12,100.00","12,135.00","12,062.00","1.62K","-0.10%"
"04/04/2024","12,100.00","12,062.01","12,149.91","12,056.00","1.36K","0.00%"
"04/05/2024","12,075.00","12,080.50","12,139.33","12,050.00","1.68K","-0.21%"
"04/08/2024","12,079.00","12,063.08","12,100.00","12,050.00","1.28K","0.03%"
"04/09/2024","12,055.00","12,079.00","12,134.95","12,031.11","0.47K","-0.20%"
"04/10/2024","12,150.00","12,055.00","12,150.00","11,995.00","6.49K","0.79%"
"04/11/2024","12,330.00","12,090.00","12,342.00","12,090.00","15.21K","1.48%"
"04/12/2024","12,548.00","12,330.00","12,554.97","12,270.00","19.96K","1.77%"
"04/15/2024","12,715.60","12,548.00","12,800.00","12,500.00","12.27K","1.34%"
"04/16/2024","12,749.96","12,720.00","12,798.75","12,689.01","7.29K","0.27%"
"04/17/2024","12,725.01","12,751.00","12,811.85","12,700.00","7.64K","-0.20%"
"04/18/2024","12,655.00","12,720.00","12,725.50","12,655.00","1.84K","-0.55%"
"04/19/2024","12,590.00","12,650.00","12,715.90","12,590.00","5.93K","-0.51%"
"04/22/2024","12,827.01","12,600.00","12,930.00","12,595.00","14.91K","1.88%"
"04/23/2024","12,940.00","12,858.00","12,940.00","12,825.00","4.48K","0.88%"
"04/24/2024","13,018.90","12,940.00","13,018.90","12,890.01","3.83K","0.61%"
"04/25/2024","12,990.00","13,000.00","13,059.02","12,931.03","1.43K","-0.22%"
"04/26/2024","12,950.00","12,930.00","12,989.56","12,930.00","0.54K","-0.31%"
"04/29/2024","13,026.00","12,950.00","13,050.00","12,890.00","2.66K","0.59%"
"04/30/2024","12,999.00","13,026.10","13,089.52","12,970.00","0.52K","-0.21%"
"05/02/2024","13,050.00","12,970.00","13,149.84","12,970.00","11.52K","0.39%"
"05/03/2024","12,990.01","13,091.98","13,149.71","12,990.00","8.11K","-0.46%"
"05/04/2024","12,971.60","12,990.00","13,014.98","12,960.00","1.81K","-0.14%"
"05/06/2024","13,027.86","13,000.00","13,069.01","12,955.00","1.96K","0.43%"
"05/10/2024","12,950.01","13,000.00","13,027.00","12,950.01","1.81K","-0.60%"
"05/13/2024","12,930.00","12,950.00","13,009.99","12,900.00","1.69K","-0.15%"
"05/14/2024","12,975.00","12,910.00","12,989.96","12,900.02","0.57K","0.35%"
"05/15/2024","12,999.00","12,975.00","13,023.80","12,945.00","3.49K","0.18%"
"05/16/2024","12,930.01","12,999.00","13,000.00","12,930.01","1.38K","-0.53%"
"05/17/2024","12,979.45","12,930.01","12,979.91","12,920.00","0.29K","0.38%"
"05/20/2024","13,000.00","12,960.00","13,024.99","12,940.00","1.85K","0.16%"
"05/21/2024","12,995.00","13,000.00","13,000.00","12,961.00","0.78K","-0.04%"
"05/22/2024","12,975.00","12,995.00","13,049.00","12,956.00","3.75K","-0.15%"
"05/23/2024","13,050.00","12,975.00","13,050.00","12,955.28","3.24K","0.58%"
"05/24/2024","13,000.02","13,049.00","13,127.00","13,000.02","7.51K","-0.38%"
"05/27/2024","12,750.00","12,500.00","12,752.60","12,000.00","5.36K","-1.92%"
"05/28/2024","12,797.90","12,765.00","12,851.55","12,725.00","2.48K","0.38%"
"05/29/2024","12,819.95","12,798.00","12,892.00","12,775.00","1.42K","0.17%"
"05/30/2024","12,870.82","12,820.00","12,890.50","12,771.02","1.10K","0.40%"
"05/31/2024","12,850.00","12,864.95","12,925.27","12,850.00","1.54K","-0.16%"
"06/03/2024","12,886.33","12,840.00","12,900.00","12,825.00","0.68K","0.28%"
"06/04/2024","12,771.00","12,851.00","12,880.00","12,771.00","1.37K","-0.89%"
"06/05/2024","12,788.00","12,771.00","12,836.00","12,710.00","3.63K","0.13%"
"06/06/2024","12,740.00","12,770.00","12,825.00","12,700.01","2.28K","-0.38%"
"06/07/2024","12,739.97","12,701.03","12,826.56","12,700.00","1.14K","0.00%"
"06/10/2024","12,650.01","12,739.97","12,816.89","12,650.00","9.08K","-0.71%"
"06/11/2024","12,503.09","12,650.00","12,713.00","12,435.00","31.81K","-1.16%"
"06/12/2024","12,505.00","12,505.03","12,725.98","12,490.00","66.91K","0.02%"
"06/13/2024","12,600.04","12,505.00","12,685.59","12,470.00","16.24K","0.76%"
"06/14/2024","12,585.03","12,601.00","12,695.70","12,575.00","2.01K","-0.12%"
"06/17/2024","12,580.00","12,585.00","12,680.55","12,520.05","2.97K","-0.04%"
"06/18/2024","12,700.00","12,585.00","12,700.00","12,500.00","5.21K","0.95%"
"06/19/2024","12,680.00","12,665.00","12,699.98","12,605.00","1.24K","-0.16%"
"06/20/2024","12,805.00","12,655.30","12,815.00","12,630.00","10.82K","0.99%"
"06/21/2024","12,828.00","12,805.00","12,849.68","12,792.00","2.08K","0.18%"
"06/24/2024","12,760.00","12,826.53","12,826.74","12,760.00","0.85K","-0.53%"
"06/25/2024","12,677.80","12,726.00","12,760.00","12,630.00","4.45K","-0.64%"
"06/26/2024","12,630.00","12,677.80","12,749.00","12,630.00","1.51K","-0.38%"
"06/27/2024","12,706.00","12,684.00","12,740.13","12,580.00","7.23K","0.60%"
"06/28/2024","12,700.00","12,705.00","12,705.00","12,630.00","6.08K","-0.05%"
"07/01/2024","12,651.00","12,700.00","12,700.00","12,600.00","5.72K","-0.39%"
"07/02/2024","12,681.00","12,651.00","12,700.00","12,607.01","0.89K","0.24%"
"07/03/2024","12,660.00","12,681.00","12,684.00","12,630.00","0.68K","-0.17%"
"07/04/2024","12,645.00","12,660.00","12,699.90","12,601.02","2.38K","-0.12%"
"07/05/2024","12,645.00","12,645.00","12,698.00","12,600.00","2.17K","0.00%"
"07/09/2024","12,901.00","12,640.00","12,958.30","12,600.09","18.55K","2.02%"
"07/10/2024","13,294.00","12,730.04","13,299.00","12,730.00","38.28K","3.05%"
"07/11/2024","13,430.00","13,294.00","13,460.00","13,260.00","10.14K","1.02%"
"07/12/2024","13,480.00","13,480.00","13,500.00","13,430.01","4.63K","0.37%"
"07/15/2024","13,450.00","13,500.00","13,505.00","13,300.00","25.43K","-0.22%"
"07/16/2024","13,401.00","13,425.00","13,450.00","13,400.00","1.76K","-0.36%"
"07/17/2024","13,400.00","13,401.00","13,448.00","13,380.00","1.63K","-0.01%"
"07/18/2024","13,375.00","13,395.00","13,419.96","13,371.00","2.31K","-0.19%"
"07/19/2024","13,138.62","13,380.00","13,443.97","13,000.00","15.89K","-1.77%"
"07/22/2024","13,239.98","13,138.62","13,251.19","13,070.00","7.70K","0.77%"
"07/23/2024","13,177.00","13,189.59","13,200.00","13,102.00","1.16K","-0.48%"
"07/24/2024","13,241.00","13,195.21","13,241.00","13,110.00","4.78K","0.49%"
"07/25/2024","13,300.00","13,241.00","13,300.00","13,190.00","1.84K","0.45%"
"07/26/2024","13,528.81","13,300.00","13,528.81","13,200.00","12.70K","1.72%"
"07/29/2024","13,501.02","13,522.00","13,589.54","13,460.00","3.08K","-0.21%"
"07/30/2024","13,500.00","13,500.01","13,539.25","13,450.00","0.28K","-0.01%"
"07/31/2024","13,434.99","13,435.00","13,500.00","13,434.99","1.53K","-0.48%"
"08/01/2024","13,380.00","13,432.99","13,494.09","13,380.00","1.38K","-0.41%"
"08/02/2024","13,443.00","13,380.00","13,444.90","13,365.00","0.36K","0.47%"
"08/05/2024","13,230.00","13,443.00","13,443.00","13,230.00","2.42K","-1.58%"
"08/06/2024","13,185.00","13,230.00","13,300.00","13,180.00","1.68K","-0.34%"
"08/07/2024","13,230.32","13,150.00","13,281.50","13,150.00","1.91K","0.34%"
"08/08/2024","13,150.06","13,230.03","13,231.00","13,150.00","0.69K","-0.61%"
"08/09/2024","13,350.00","13,150.00","13,365.45","13,111.00","8.31K","1.52%"
"08/12/2024","13,463.90","13,300.01","13,500.00","13,220.00","7.29K","0.85%"
"08/13/2024","13,557.00","13,499.98","13,558.00","13,400.00","5.50K","0.69%"
"08/14/2024","13,585.00","13,500.50","13,585.00","13,477.31","3.19K","0.21%"
"08/15/2024","13,560.00","13,585.00","13,600.00","13,520.00","1.79K","-0.18%"
"08/16/2024","13,720.00","13,600.00","13,834.90","13,570.00","9.45K","1.18%"
"08/19/2024","13,790.10","13,720.00","13,850.00","13,650.00","3.45K","0.51%"
"08/20/2024","13,950.00","13,800.00","14,038.99","13,750.02","5.54K","1.16%"
"08/21/2024","14,149.05","14,000.00","14,150.00","14,000.00","2.95K","1.43%"
"08/22/2024","14,115.00","14,100.00","14,200.00","14,040.01","3.30K","-0.24%"
"08/23/2024","14,100.00","14,114.00","14,130.00","14,050.00","1.01K","-0.11%"
"08/26/2024","14,179.00","14,100.00","14,190.35","14,100.00","1.61K","0.56%"
"08/27/2024","14,143.99","14,120.00","14,180.00","14,100.00","2.39K","-0.25%"
"08/28/2024","14,140.00","14,150.00","14,180.00","14,090.01","1.25K","-0.03%"
"08/29/2024","14,138.00","14,148.28","14,150.00","14,090.00","1.12K","-0.01%"
"09/02/2024","14,090.01","14,100.00","14,138.00","14,088.00","2.77K","-0.34%"
"09/03/2024","14,100.00","14,090.00","14,124.75","14,055.00","0.61K","0.07%"
"09/04/2024","14,150.00","14,100.00","14,200.00","14,070.00","2.00K","0.35%"
"09/05/2024","14,174.90","14,160.00","14,259.18","14,118.82","1.01K","0.18%"
"09/06/2024","14,113.00","14,173.87","14,175.00","14,065.04","0.52K","-0.44%"
"09/09/2024","14,050.00","14,113.00","14,138.00","14,050.00","1.97K","-0.45%"
"09/10/2024","14,104.90","14,060.00","14,190.50","14,060.00","1.32K","0.39%"
"09/11/2024","14,040.00","14,100.00","14,171.95","14,040.00","2.29K","-0.46%"
"09/12/2024","13,975.00","14,010.00","14,040.00","13,975.00","4.78K","-0.46%"
"09/13/2024","14,030.00","13,975.00","14,063.00","13,960.00","0.38K","0.39%"
"09/16/2024","14,030.00","14,000.00","14,030.00","13,980.00","1.38K","0.00%"
"09/17/2024","14,000.00","14,030.00","14,063.00","13,980.00","0.78K","-0.21%"
"09/18/2024","14,063.00","13,995.00","14,063.00","13,950.00","1.81K","0.45%"
"09/19/2024","14,041.40","14,000.00","14,062.41","13,980.00","0.97K","-0.15%"
"09/20/2024","14,000.08","14,041.31","14,099.00","14,000.00","0.63K","-0.29%"
"09/23/2024","13,976.04","14,030.99","14,031.00","13,975.00","0.71K","-0.17%"
"09/24/2024","13,605.07","13,970.00","14,000.00","11,490.00","8.24K","-2.65%"
"09/25/2024","13,900.33","13,900.00","14,000.00","13,900.00","1.02K","2.17%"
"09/26/2024","13,920.00","13,900.01","13,963.86","13,835.00","3.98K","0.14%"
"09/27/2024","13,900.10","13,920.00","13,920.00","13,900.00","0.52K","-0.14%"
"09/30/2024","13,899.00","13,910.00","13,910.00","13,899.00","1.82K","-0.01%"
"10/01/2024","13,850.00","13,899.00","13,910.00","13,849.00","1.29K","-0.35%"
"10/02/2024","13,890.50","13,899.59","13,900.00","13,830.00","4.11K","0.29%"
"10/03/2024","13,885.00","13,900.00","13,900.00","13,831.00","0.43K","-0.04%"
"10/04/2024","13,950.00","13,885.00","14,000.00","13,830.30","3.99K","0.47%"
"10/07/2024","13,946.10","14,018.30","14,018.80","13,881.00","1.46K","-0.03%"
"10/08/2024","13,900.00","13,946.00","13,950.00","13,875.00","1.10K","-0.33%"
"10/09/2024","13,937.00","13,900.00","13,948.50","13,870.00","1.30K","0.27%"
"10/10/2024","13,935.00","13,915.00","13,936.50","13,881.00","0.53K","-0.01%"
"10/11/2024","13,906.00","13,935.00","14,000.00","13,881.00","0.54K","-0.21%"
"10/14/2024","13,870.00","13,906.00","13,959.99","13,870.00","1.11K","-0.26%"
"10/15/2024","13,830.00","13,870.00","13,917.92","13,830.00","0.86K","-0.29%"
"10/16/2024","13,825.00","13,834.62","13,850.00","13,800.00","1.60K","-0.04%"
"10/17/2024","13,820.00","13,825.00","13,825.00","13,790.00","0.59K","-0.04%"
"10/18/2024","13,681.00","13,820.00","13,820.00","12,350.00","8.63K","-1.01%"
"10/21/2024","13,650.00","13,680.00","13,756.00","13,621.00","1.91K","-0.23%"
"10/22/2024","13,735.00","13,650.00","13,735.00","13,627.00","0.70K","0.62%"
"10/23/2024","13,733.80","13,735.00","13,750.00","13,650.00","1.70K","-0.01%"
"10/24/2024","13,749.00","13,650.00","13,749.00","13,650.00","3.37K","0.11%"
"10/28/2024","13,580.00","13,678.30","13,748.00","13,580.00","4.92K","-1.23%"
"10/29/2024","13,653.30","13,542.00","13,669.99","13,540.00","3.26K","0.54%"
"10/30/2024","13,633.80","13,653.30","13,736.00","13,600.00","1.69K","-0.14%"
"10/31/2024","13,579.98","13,601.00","13,634.00","13,540.20","3.24K","-0.39%"
"11/01/2024","13,505.00","13,579.98","13,625.00","13,500.00","2.54K","-0.55%"
"11/04/2024","13,499.99","13,506.00","13,549.40","13,450.00","1.47K","-0.04%"
"11/05/2024","13,440.10","13,499.00","13,499.00","13,440.00","1.01K","-0.44%"
"11/06/2024","13,441.00","13,430.00","13,482.98","13,400.00","1.28K","0.01%"
"11/07/2024","13,350.00","13,450.00","13,450.00","13,350.00","4.77K","-0.68%"
"11/08/2024","13,401.00","13,350.00","13,433.00","13,300.00","1.00K","0.38%"
"11/11/2024","13,390.00","13,401.00","13,449.99","13,341.00","1.12K","-0.08%"
"11/12/2024","13,379.99","13,341.00","13,443.60","13,330.00","2.75K","-0.07%"
"11/13/2024","13,350.00","13,370.00","13,423.99","13,330.01","0.87K","-0.22%"
"11/14/2024","13,302.01","13,350.00","13,399.99","13,301.00","1.43K","-0.36%"
"11/15/2024","13,255.00","13,280.00","13,280.00","13,250.00","1.49K","-0.35%"
"11/18/2024","13,330.00","13,290.00","13,397.99","13,290.00","4.02K","0.57%"
"11/19/2024","13,328.98","13,330.00","13,330.00","13,251.00","4.51K","-0.01%"
"11/20/2024","13,279.97","13,328.00","13,328.00","13,250.00","1.04K","-0.37%"
"11/21/2024","13,248.91","13,279.95","13,279.96","13,210.00","4.74K","-0.23%"
"11/22/2024","13,190.00","13,248.00","13,249.00","13,150.00","3.64K","-0.44%"
"11/25/2024","13,346.14","13,190.00","13,346.14","13,100.00","8.53K","1.18%"
"11/26/2024","13,670.00","13,346.00","13,785.00","13,346.00","19.67K","2.43%"
"11/27/2024","13,700.00","13,659.00","13,736.00","13,600.11","2.10K","0.22%"
"11/28/2024","13,919.99","13,700.00","13,919.99","13,633.02","9.59K","1.61%"
"11/29/2024","13,997.87","13,900.00","13,997.87","13,881.00","1.61K","0.56%"
"12/02/2024","14,005.04","13,990.00","14,086.00","13,950.00","1.37K","0.05%"
"12/03/2024","14,270.00","14,004.01","14,294.82","13,980.00","9.90K","1.89%"
"12/04/2024","14,221.03","14,270.00","14,300.00","14,220.03","376.44K","-0.34%"
"12/05/2024","14,280.00","14,222.00","14,300.00","14,200.14","2.09K","0.41%"
"12/06/2024","14,402.60","14,220.00","14,402.60","14,219.01","10.99K","0.86%"
"12/09/2024","14,478.99","14,362.34","14,480.00","14,350.00","1.73K","0.53%"
"12/10/2024","14,400.01","14,478.99","14,490.00","14,400.00","0.81K","-0.55%"
"12/11/2024","14,494.00","14,400.00","14,494.00","14,351.01","174.49K","0.65%"
"12/12/2024","14,562.52","14,495.00","14,564.20","14,490.00","4.83K","0.47%"
"12/13/2024","14,549.00","14,550.00","14,550.00","14,500.00","0.67K","-0.09%"
"12/17/2024","14,535.00","14,549.00","14,599.98","14,480.00","1.26K","-0.10%"
"12/18/2024","14,588.00","14,500.00","14,588.00","14,490.00","1.06K","0.36%"
"12/19/2024","14,587.05","14,588.00","14,600.00","14,520.00","2.25K","-0.01%"
"12/20/2024","14,549.90","14,580.10","14,649.81","14,520.00","71.01K","-0.25%"
"12/23/2024","14,500.00","14,549.00","14,549.89","14,490.00","2.39K","-0.34%"
"12/24/2024","14,490.00","14,500.00","14,500.00","14,490.00","1.24K","-0.07%"
"12/25/2024","14,499.99","14,490.00","14,536.00","14,490.00","1.09K","0.07%"
"12/26/2024","14,579.31","14,500.00","14,580.00","14,490.00","1.08K","0.55%"
"12/27/2024","14,530.05","14,600.00","14,629.56","14,520.00","0.77K","-0.34%"
"12/30/2024","14,609.99","14,530.05","14,619.99","14,490.00","0.94K","0.55%"
"12/31/2024","14,621.00","14,650.00","14,700.00","14,560.00","0.34K","0.08%"
"01/05/2025","14,654.70","14,621.00","14,715.70","14,570.01","1.43K","0.23%"
"01/06/2025","14,629.99","14,651.50","14,655.00","14,590.00","0.60K","-0.17%"
"01/08/2025","14,843.03","14,629.00","14,937.90","14,580.00","6.72K","1.46%"
"01/09/2025","15,000.00","14,890.00","15,100.00","14,890.00","2.34K","1.06%"
"01/10/2025","15,567.00","15,000.00","15,568.00","15,000.00","2.96K","3.78%"
"01/13/2025","15,751.00","15,567.00","15,755.00","15,567.00","2.70K","1.18%"
"01/14/2025","15,980.00","15,750.00","15,983.25","15,680.01","3.56K","1.45%"
"01/15/2025","15,775.00","15,980.00","16,000.00","15,051.10","10.48K","-1.28%"
"01/16/2025","15,485.00","15,777.99","15,978.33","15,111.00","9.98K","-1.84%"
"01/17/2025","15,193.00","15,485.00","15,494.99","15,171.29","1.98K","-1.89%"
"01/20/2025","14,899.99","15,200.00","15,301.00","14,650.00","8.18K","-1.93%"
"01/21/2025","14,799.99","14,899.99","15,800.00","14,132.17","46.15K","-0.67%"
"01/22/2025","14,588.99","14,990.00","15,799.00","14,500.00","4.60K","-1.43%"
"01/23/2025","14,610.00","14,690.00","16,000.00","14,600.50","44.83K","0.14%"
"01/24/2025","14,502.00","14,750.00","14,838.92","14,500.00","13.53K","-0.74%"
"01/27/2025","14,480.02","14,502.00","14,616.00","14,475.00","2.26K","-0.15%"
"01/28/2025","14,344.92","14,480.00","14,563.99","14,262.38","5.99K","-0.93%"
"01/29/2025","14,149.99","14,320.00","14,320.00","14,101.00","3.90K","-1.36%"
"01/30/2025","13,929.90","14,102.00","14,149.99","13,911.00","12.43K","-1.56%"
"01/31/2025","13,840.00","13,905.97","13,928.99","13,704.96","13.38K","-0.65%"
"02/03/2025","13,545.49","13,840.00","13,938.00","13,499.00","13.06K","-2.13%"
"02/04/2025","13,738.98","13,500.00","13,756.20","13,477.00","69.26K","1.43%"
"02/05/2025","13,526.00","13,701.66","14,332.99","13,450.00","20.58K","-1.55%"
"02/06/2025","13,720.00","13,530.01","13,720.00","13,450.00","174.84K","1.43%"
"02/07/2025","13,700.00","13,699.99","14,000.00","13,564.39","23.16K","-0.15%"
"02/10/2025","13,400.00","13,690.00","13,715.00","13,400.00","18.44K","-2.19%"
"02/11/2025","13,316.84","13,550.00","13,550.00","13,316.84","5.34K","-0.62%"
"02/12/2025","13,424.00","13,334.00","13,425.00","13,318.01","7.43K","0.80%"
"02/13/2025","13,329.00","13,424.00","13,424.00","13,267.33","3.52K","-0.71%"
"02/14/2025","13,306.00","13,329.00","13,400.00","13,260.00","7.56K","-0.17%"
"02/17/2025","13,355.43","13,394.00","13,418.00","13,290.01","21.50K","0.37%"
"02/18/2025","13,499.00","13,340.00","13,500.00","13,286.03","5.02K","1.07%"
"02/19/2025","13,399.00","13,433.00","13,434.00","13,302.00","1.90K","-0.74%"
"02/20/2025","13,391.00","13,400.00","13,460.99","13,330.00","2.22K","-0.06%"
"02/21/2025","13,483.00","13,391.00","13,500.00","13,340.04","4.19K","0.69%"
"02/24/2025","13,712.02","13,390.00","13,991.91","13,390.00","45.38K","1.70%"
"02/25/2025","13,761.17","13,700.00","13,761.17","13,600.02","42.71K","0.36%"
"02/26/2025","13,689.45","13,736.00","13,736.00","13,605.00","50.49K","-0.52%"
"02/27/2025","14,195.00","13,689.45","14,339.00","13,615.30","9.01K","3.69%"
"02/28/2025","14,133.99","14,140.00","14,143.00","14,001.00","1.55K","-0.43%"
"03/03/2025","14,082.00","14,134.00","14,200.00","14,005.01","3.04K","-0.37%"
"03/04/2025","14,192.00","14,085.00","14,200.00","14,029.00","4.13K","0.78%"
"03/05/2025","14,299.50","14,192.00","14,320.00","14,103.97","3.06K","0.76%"
"03/06/2025","14,422.78","14,299.00","14,422.79","14,179.21","2.74K","0.86%"
"03/07/2025","14,560.00","14,422.00","14,580.00","14,280.00","6.36K","0.95%"
"03/11/2025","14,600.00","14,559.99","14,609.00","13,500.00","7.70K","0.27%"
"03/12/2025","14,610.00","14,600.00","14,641.99","14,521.97","5.10K","0.07%"
"03/13/2025","14,600.03","14,600.00","14,680.51","14,510.00","1.56K","-0.07%"
"03/14/2025","14,580.00","14,610.03","14,678.00","14,580.00","2.38K","-0.14%"
"03/17/2025","14,490.01","14,580.01","14,693.00","14,490.00","40.76K","-0.62%"
"03/18/2025","14,450.00","14,465.35","14,575.00","14,400.00","3.05K","-0.28%"
"03/19/2025","14,500.00","14,450.00","14,500.00","14,356.44","38.59K","0.35%"
"03/20/2025","14,498.99","14,400.00","14,500.00","14,360.01","6.52K","-0.01%"
"03/26/2025","14,529.00","14,456.00","14,645.00","14,400.00","11.82K","0.21%"
"03/27/2025","14,453.00","14,529.00","14,545.00","14,452.00","1.10K","-0.52%"
"03/28/2025","14,560.00","14,450.00","14,599.99","14,450.00","5.03K","0.74%"
"03/31/2025","15,000.00","14,500.00","15,000.00","14,490.00","8.30K","3.02%"
"04/01/2025","14,860.00","14,847.00","14,998.50","14,717.01","2.69K","-0.93%"
"04/02/2025","15,000.00","14,850.00","15,000.00","14,800.03","3.49K","0.94%"
"04/03/2025","14,950.00","15,000.00","15,148.00","14,801.00","44.76K","-0.33%"
"04/04/2025","14,800.01","14,950.00","15,024.00","14,787.00","36.64K","-1.00%"
"04/07/2025","14,923.00","14,649.00","14,923.00","13,900.00","5.68K","0.83%"
"04/08/2025","14,846.90","14,800.00","14,900.00","14,650.01","9.36K","-0.51%"
"04/09/2025","14,663.02","14,720.01","14,845.00","13,875.00","8.22K","-1.24%"
"04/10/2025","14,798.00","14,663.00","14,806.60","14,650.00","3.65K","0.92%"
"04/11/2025","14,700.00","14,796.49","14,796.49","14,608.00","1.09K","-0.66%"
"04/14/2025","14,660.00","14,650.00","14,700.00","14,650.00","5.16K","-0.27%"
"04/15/2025","14,731.00","14,650.00","14,785.00","14,648.71","1.57K","0.48%"
"04/16/2025","14,649.03","14,731.00","14,731.00","14,649.00","1.43K","-0.56%"
"04/17/2025","14,652.00","14,649.00","14,746.97","14,645.00","1.60K","0.02%"
"04/18/2025","14,747.00","14,652.00","14,749.99","14,635.01","1.46K","0.65%"
"04/21/2025","14,650.00","14,745.00","14,745.00","14,600.00","1.21K","-0.66%"
"04/22/2025","14,648.00","14,600.00","14,680.00","14,491.01","2.85K","-0.01%"
"04/23/2025","14,665.01","14,501.01","14,774.99","14,491.00","6.76K","0.12%"
"04/24/2025","14,665.00","14,670.00","14,796.49","14,665.00","0.32K","0.00%"
"04/25/2025","14,739.00","14,700.00","14,796.49","14,670.00","0.63K","0.50%"
"04/28/2025","14,815.00","14,739.00","14,958.10","14,680.00","2.37K","0.52%"
"04/29/2025","14,968.50","14,821.00","14,968.50","14,821.00","0.29K","1.04%"
"04/30/2025","14,970.00","14,822.00","14,999.00","13,800.00","9.62K","0.01%"
"05/02/2025","15,065.00","14,861.00","15,208.99","14,861.00","1.60K","0.63%"
"05/05/2025","15,044.00","15,000.00","15,045.00","14,871.16","5.00K","-0.14%"
"05/06/2025","14,908.00","15,047.00","15,047.00","14,870.01","1.80K","-0.90%"
"05/08/2025","14,828.00","14,876.02","14,947.00","14,800.00","2.01K","-0.54%"
"05/12/2025","14,805.00","14,851.49","14,999.00","14,800.00","1.78K","-0.16%"
"05/13/2025","14,845.00","14,850.00","14,965.00","14,702.00","3.46K","0.27%"
"05/14/2025","14,800.02","14,801.00","14,847.00","14,800.00","1.99K","-0.30%"
"05/15/2025","14,800.00","14,847.00","14,847.00","14,701.00","4.15K","0.00%"
"05/16/2025","14,840.00","14,800.00","14,841.00","14,701.00","0.68K","0.27%"
"05/19/2025","14,839.99","14,800.00","14,840.00","14,707.00","2.07K","0.00%"
"05/20/2025","14,920.00","14,820.00","14,948.00","14,707.01","2.58K","0.54%"
"05/21/2025","14,750.00","14,877.30","14,877.30","14,000.00","1.82K","-1.14%"
"05/22/2025","14,850.00","14,751.00","14,897.48","14,751.00","1.46K","0.68%"
"05/23/2025","14,815.00","14,849.99","14,963.00","14,770.01","0.67K","-0.24%"
"05/26/2025","14,852.00","14,815.00","14,959.99","14,801.00","3.52K","0.25%"
"05/27/2025","14,855.00","14,852.00","14,860.00","14,800.02","4.85K","0.02%"
"05/28/2025","14,001.00","14,484.99","14,497.99","14,001.00","2.58K","-5.75%"
"05/29/2025","14,555.00","14,310.00","14,740.00","14,310.00","7.32K","3.96%"
"05/30/2025","14,850.00","14,550.00","14,855.00","14,472.09","1.99K","2.03%"
"06/02/2025","14,767.00","14,750.00","14,849.00","14,650.00","2.78K","-0.56%"
"06/03/2025","14,650.00","14,766.00","14,766.00","14,635.00","1.82K","-0.79%"
"06/04/2025","14,804.00","14,650.00","14,810.00","14,550.02","17.91K","1.05%"
"06/05/2025","14,790.00","14,800.00","14,804.00","14,695.00","39.20K","-0.09%"
"06/09/2025","14,775.00","14,755.00","14,790.00","14,740.00","0.70K","-0.10%"
"06/10/2025","14,897.00","14,775.00","14,900.00","14,700.00","44.13K","0.83%"
"06/11/2025","15,049.00","14,896.00","15,049.00","14,800.01","4.09K","1.02%"
"06/12/2025","15,388.99","15,050.00","15,500.00","14,960.00","13.45K","2.26%"
"06/13/2025","15,889.60","15,407.00","15,900.00","15,388.00","9.74K","3.25%"
"06/16/2025","16,199.99","15,889.00","16,246.00","15,880.00","3.27K","1.95%"
"06/17/2025","16,000.00","16,201.00","16,359.97","15,900.00","5.87K","-1.23%"
"06/18/2025","16,478.16","16,046.00","16,480.00","16,046.00","6.85K","2.99%"
"06/19/2025","16,849.90","16,478.16","17,020.52","16,441.01","9.95K","2.26%"
"06/20/2025","16,799.00","16,849.90","16,850.00","16,200.00","11.44K","-0.30%"
"06/23/2025","17,370.00","16,608.00","17,490.00","16,608.00","10.06K","3.40%"
"06/24/2025","16,330.00","16,830.00","16,950.00","15,901.01","27.69K","-5.99%"
"06/25/2025","16,495.00","16,237.00","16,500.00","16,050.00","3.49K","1.01%"
"06/26/2025","16,394.00","16,399.00","16,495.00","16,250.01","2.62K","-0.61%"
"06/27/2025","16,585.00","16,400.00","16,694.50","16,400.00","2.82K","1.17%"
"06/30/2025","16,616.00","16,585.00","16,650.01","16,496.02","2.52K","0.19%"
"07/01/2025","16,579.00","16,550.00","16,649.99","16,501.10","1.14K","-0.22%"
"07/02/2025","16,909.00","16,551.00","16,917.00","16,551.00","4.97K","1.99%"
"07/03/2025","17,001.12","16,800.01","17,200.00","16,800.01","8.25K","0.54%"
"07/04/2025","16,931.00","17,099.25","17,099.65","16,900.65","2.25K","-0.41%"
"07/08/2025","17,079.22","16,950.00","17,200.00","16,950.00","5.88K","0.88%"
"07/09/2025","17,370.00","17,184.99","17,398.00","17,129.00","2.26K","1.70%"
"07/10/2025","17,739.00","17,370.00","17,740.00","17,300.00","3.26K","2.12%"
"07/11/2025","17,597.89","17,740.00","17,799.99","17,501.00","3.97K","-0.80%"
"07/14/2025","17,500.00","17,597.00","17,700.00","17,500.00","2.75K","-0.56%"
"07/15/2025","17,434.00","17,500.00","17,619.99","17,400.00","2.44K","-0.38%"
"07/16/2025","17,394.00","17,460.00","17,491.00","17,300.00","1.62K","-0.23%"
"07/17/2025","17,600.00","17,394.00","17,700.00","17,385.00","1.33K","1.18%"
"07/18/2025","17,600.00","17,600.00","18,018.00","17,555.00","6.63K","0.00%"
"07/21/2025","18,209.99","17,850.00","18,209.99","17,849.00","2.56K","3.47%"
"07/22/2025","18,699.00","18,209.99","18,699.00","18,209.99","3.50K","2.69%"
"07/23/2025","18,944.99","18,685.00","18,957.68","18,685.00","3.84K","1.32%"
"07/24/2025","19,655.00","18,951.83","20,102.00","18,951.83","12.69K","3.75%"
"07/25/2025","19,840.00","19,894.99","20,098.98","19,656.01","7.40K","0.94%"
"07/28/2025","19,920.00","19,953.00","20,190.00","19,027.24","6.96K","0.40%"
"07/29/2025","19,820.02","20,060.30","20,149.00","19,801.99","3.63K","-0.50%"
"07/30/2025","19,930.00","19,820.02","20,000.00","19,801.99","1.83K","0.55%"
"07/31/2025","19,862.00","19,930.00","19,947.49","19,800.00","1.65K","-0.34%"
"08/01/2025","19,790.00","19,862.00","19,900.00","19,778.00","1.93K","-0.36%"
"08/04/2025","19,730.00","19,800.00","19,849.00","19,730.00","1.09K","-0.30%"
"08/05/2025","20,095.00","19,760.00","20,200.00","19,715.00","5.06K","1.85%"
"08/06/2025","19,951.01","20,095.00","20,150.00","19,948.00","1.24K","-0.72%"
"08/07/2025","19,771.00","19,940.00","20,046.00","19,250.01","2.65K","-0.90%"
"08/08/2025","20,595.00","19,771.00","21,000.00","19,770.01","9.65K","4.17%"
"08/11/2025","20,280.00","20,553.50","20,553.50","20,060.01","3.44K","-1.53%"
"08/12/2025","20,222.03","20,300.00","20,397.00","20,100.00","3.18K","-0.29%"
"08/13/2025","20,200.00","20,222.00","20,310.00","20,124.10","2.40K","-0.11%"
"08/14/2025","20,130.00","20,137.00","20,250.00","20,120.00","1.38K","-0.35%"
"08/15/2025","19,926.03","20,120.00","20,165.00","19,800.00","7.38K","-1.01%"
"08/18/2025","19,819.03","19,926.03","20,055.00","19,810.01","1.68K","-0.54%"
"08/19/2025","19,752.14","19,819.00","19,927.00","19,752.14","1.04K","-0.34%"
"08/20/2025","19,800.00","19,800.00","19,860.00","19,730.00","1.25K","0.24%"
"08/21/2025","19,605.00","19,700.00","19,800.00","19,600.00","1.42K","-0.98%"
"08/22/2025","19,550.00","19,605.00","19,699.00","19,550.00","0.53K","-0.28%"
"08/25/2025","19,751.00","19,550.01","19,797.00","19,505.07","6.48K","1.03%"
"08/26/2025","19,806.00","19,750.00","19,926.99","19,643.01","3.27K","0.28%"
"08/27/2025","19,786.00","19,806.00","19,918.00","19,735.05","0.47K","-0.10%"
"08/28/2025","20,081.99","19,722.00","20,082.83","19,702.00","8.02K","1.50%"
"08/29/2025","20,100.00","20,081.99","20,139.98","19,887.00","0.55K","0.09%"
"09/02/2025","20,044.86","20,000.00","20,099.99","19,945.00","1.94K","-0.27%"
"09/03/2025","19,945.00","20,000.00","20,000.00","19,945.00","0.55K","-0.50%"
"09/04/2025","19,970.00","19,940.00","19,988.98","19,800.01","0.47K","0.13%"
"09/05/2025","19,759.00","19,969.00","19,969.99","19,710.00","1.24K","-1.06%"
"09/08/2025","19,720.11","19,800.00","19,890.99","19,700.00","1.51K","-0.20%"
"09/09/2025","19,749.99","19,720.00","19,750.00","19,700.00","1.06K","0.15%"
"09/10/2025","19,750.00","19,749.00","19,750.00","19,663.00","0.84K","0.00%"
"09/11/2025","19,700.01","19,750.00","19,750.00","19,662.38","0.65K","-0.25%"
"09/12/2025","20,180.00","19,701.00","20,900.00","19,700.00","3.86K","2.44%"
"09/15/2025","21,100.00","20,000.00","21,350.00","19,850.00","13.90K","4.56%"
"09/16/2025","21,289.00","20,907.00","21,499.00","20,700.01","5.88K","0.90%"
"09/17/2025","21,250.00","21,289.00","21,430.00","21,200.00","3.06K","-0.18%"
"09/18/2025","21,658.00","21,250.00","21,700.00","21,250.00","5.54K","1.92%"
"09/19/2025","21,850.02","21,640.00","22,177.85","21,640.00","0.82K","0.89%"
"09/22/2025","21,554.46","21,850.23","22,062.32","21,405.12","2.44K","-1.35%"
"09/23/2025","21,885.00","21,763.99","22,028.00","21,600.00","1.99K","1.53%"
"09/24/2025","21,834.44","21,885.00","21,999.00","21,799.00","1.13K","-0.23%"
"09/25/2025","21,652.10","21,700.00","21,850.00","21,651.00","0.92K","-0.84%"
"09/26/2025","21,790.00","21,652.10","21,790.00","21,600.00","1.53K","0.64%"
"09/29/2025","21,838.00","21,700.00","21,850.00","21,700.00","0.55K","0.22%"
"09/30/2025","21,939.99","21,735.03","21,939.99","21,734.99","0.73K","0.47%"
"10/01/2025","22,192.99","22,219.99","22,219.99","22,000.01","0.67K","1.15%"
"10/02/2025","22,149.99","22,190.00","22,190.00","22,009.00","0.74K","-0.19%"
"10/03/2025","22,099.91","22,009.00","22,149.00","20,154.00","2.57K","-0.23%"
"10/06/2025","22,001.40","22,100.00","22,149.00","21,991.00","0.72K","-0.45%"
"10/07/2025","21,948.00","22,001.52","22,146.00","21,885.03","2.32K","-0.24%"
"10/08/2025","21,760.00","21,948.00","21,950.00","21,743.00","0.91K","-0.86%"
"10/09/2025","21,940.00","21,750.00","21,940.00","21,741.00","1.26K","0.83%"
"10/10/2025","21,937.35","21,937.00","21,939.99","21,760.01","0.64K","-0.01%"
"10/13/2025","21,737.10","21,937.35","21,938.00","21,730.00","0.89K","-0.91%"
"10/14/2025","22,118.00","21,751.85","22,128.00","21,720.00","4.67K","1.75%"
"10/15/2025","22,100.01","22,100.00","22,125.00","21,800.01","4.23K","-0.08%"
"10/16/2025","22,158.00","22,119.00","22,222.00","21,901.04","0.64K","0.26%"
"10/17/2025","22,100.00","22,103.07","22,200.00","21,840.00","0.80K","-0.26%"
"10/20/2025","21,999.99","22,100.00","22,200.00","21,890.01","14.34K","-0.45%"
"10/21/2025","22,000.00","21,990.00","22,117.21","21,850.00","9.35K","0.00%"
"10/22/2025","22,315.94","22,067.99","22,315.94","21,850.01","3.18K","1.44%"
"10/23/2025","22,350.00","22,050.04","22,350.00","22,050.00","0.98K","0.15%"
"10/24/2025","22,379.99","22,222.00","22,451.00","22,222.00","0.31K","0.13%"
"10/28/2025","22,180.02","22,330.00","22,330.00","22,178.22","0.88K","-0.89%"
"10/29/2025","21,912.00","22,110.00","22,330.00","21,904.01","0.64K","-1.21%"
"10/30/2025","22,372.99","21,980.20","22,375.00","21,910.00","3.35K","2.10%"
"10/31/2025","22,400.00","22,391.70","22,500.00","22,205.00","0.95K","0.12%"
"11/03/2025","22,351.09","22,400.00","22,500.00","22,277.23","0.82K","-0.22%"
"11/04/2025","22,281.06","22,351.00","22,445.00","22,280.00","0.75K","-0.31%"
"11/05/2025","22,200.99","22,365.00","22,400.00","22,101.01","1.01K","-0.36%"
"11/06/2025","22,152.00","22,200.00","22,372.00","22,100.00","0.91K","-0.22%"
"11/07/2025","22,143.00","22,150.00","22,300.00","22,050.01","0.94K","-0.04%"
"11/10/2025","22,125.00","22,050.01","22,150.00","21,980.00","2.20K","-0.08%"
"11/11/2025","22,271.00","22,125.00","22,475.00","21,930.01","3.02K","0.66%"
"11/12/2025","22,490.00","22,423.00","22,490.00","22,283.00","0.73K","0.98%"
"11/13/2025","22,475.00","22,490.00","22,490.00","22,283.00","0.63K","-0.07%"
"11/14/2025","22,485.00","22,499.00","22,502.80","22,281.00","0.37K","0.04%"
"11/17/2025","22,420.00","22,485.00","22,588.00","22,270.00","1.88K","-0.29%"
"11/18/2025","22,445.00","22,420.00","22,450.00","22,280.00","0.57K","0.11%"
"11/19/2025","22,400.00","22,300.00","22,400.00","22,280.00","1.37K","-0.20%"
"11/20/2025","22,450.00","22,399.00","22,450.00","22,255.00","0.98K","0.22%"
"11/21/2025","22,449.99","22,450.00","22,450.00","21,200.00","3.10K","0.00%"
"11/24/2025","22,338.00","22,440.00","22,449.99","22,116.90","1.82K","-0.50%"
"11/25/2025","22,300.00","22,300.00","22,300.00","22,117.00","2.52K","-0.17%"
"11/26/2025","22,200.00","22,117.00","22,300.00","22,000.00","0.99K","-0.45%"
"11/27/2025","22,200.00","22,200.00","22,200.00","22,000.00","0.91K","0.00%"
"11/28/2025","22,160.00","22,050.01","22,270.00","21,940.61","4.65K","-0.18%"
"12/01/2025","22,099.00","22,100.00","22,160.00","21,950.01","5.77K","-0.28%"
"12/02/2025","21,884.00","22,050.00","22,050.00","21,820.00","1.45K","-0.97%"
"12/03/2025","21,848.99","21,850.00","21,883.99","21,796.00","5.51K","-0.16%"
"12/04/2025","21,880.00","21,849.00","21,900.00","21,785.00","2.93K","0.14%"
"12/05/2025","21,799.90","21,880.00","21,880.00","21,650.00","1.34K","-0.37%"
"12/08/2025","21,739.00","21,700.00","21,850.00","21,601.00","1.75K","-0.28%"
"12/09/2025","21,725.00","21,601.00","21,792.77","21,580.00","0.69K","-0.06%"
"12/10/2025","21,601.01","21,725.00","21,805.00","21,590.00","2.25K","-0.57%"
"12/11/2025","21,754.99","21,602.00","21,779.99","21,590.00","0.51K","0.71%"
"12/12/2025","21,620.00","21,754.99","21,755.00","21,581.03","0.84K","-0.62%"
"12/15/2025","21,634.00","21,620.00","21,755.00","21,545.00","0.87K","0.06%"
"12/17/2025","21,559.99","21,634.00","21,755.00","21,500.00","0.49K","-0.34%"
"12/18/2025","21,545.99","21,500.00","21,711.99","21,401.00","0.96K","-0.06%"
"12/19/2025","21,537.19","21,545.99","21,545.99","21,460.00","0.74K","-0.04%"
"12/22/2025","21,261.00","21,500.00","21,555.00","21,237.01","3.70K","-1.28%"
"12/23/2025","21,090.00","21,260.00","21,260.00","21,048.53","1.27K","-0.80%"
"12/24/2025","21,121.90","21,050.02","21,239.00","21,035.01","0.66K","0.15%"
"12/25/2025","21,327.03","21,100.00","21,598.00","21,030.03","3.00K","0.97%"
"12/26/2025","21,500.00","21,327.03","21,514.00","21,287.25","2.24K","0.81%"
"12/29/2025","21,350.00","21,499.00","21,499.00","21,270.00","1.58K","-0.70%"
"12/30/2025","21,520.00","21,300.00","21,598.00","21,190.01","5.79K","0.80%"
"12/31/2025","21,720.00","21,450.00","21,817.00","21,398.00","3.06K","0.93%"