n_inputs,features,n_free_params,epochs_run,rmse,mae,pooled_rank_ic,net_sharpe_15bps,spread_sharpe_15bps,monthly_mark_ic,quarterly_mark_ic,set,seed,dsr
3,"dev_price,dev_volume,order_flow",35,200,12.140379328694172,8.538874168317548,0.07439216487513116,1.7844979555507174,1.9443459537234906,0.3214285714285715,-0.19047619047619055,baseline,20250921,5.366697793957985e-05
3,"dev_price,dev_volume,order_flow",35,200,12.259102433950835,8.6210198097022,0.04983854799067583,1.3546583407709027,3.1216861589048674,0.2889610389610391,-0.10714285714285716,baseline,20250922,0.0007286332390765514
3,"dev_price,dev_volume,order_flow",35,200,12.287310195994923,8.709480675986027,0.013217979136121615,0.9389973027388394,1.2857615565360558,0.12012987012987017,-0.1666666666666667,baseline,20250923,1.9538323158498735e-05
3,"dev_price,dev_volume,order_flow",35,200,12.333406039613552,8.785887839973297,-0.04661998153415794,0.9856685157404832,0.9860814064831697,0.035714285714285705,-0.11904761904761907,baseline,20250924,2.1942665008774206e-06
3,"dev_price,dev_volume,order_flow",35,200,12.448331735729182,8.829656909578379,0.0023490108025502354,2.277886679286028,2.0753213318677752,0.2012987012987013,-0.035714285714285726,baseline,20250925,3.9698545579158685e-05
8,"dev_price,dev_volume,order_flow,dev_price_60,ret_5,vol_20,clv_5,amihud",85,200,15.728876543634481,11.810651832130024,0.041556145362010265,1.3906972461449005,2.4150420848680243,0.08766233766233769,-0.3333333333333334,microstructure,20250921,0.00020544689652068405
8,"dev_price,dev_volume,order_flow,dev_price_60,ret_5,vol_20,clv_5,amihud",85,200,17.89961543028112,14.024633274414834,0.034719252269366785,2.293625896963848,2.360358088526351,-0.0194805194805195,-0.28571428571428575,microstructure,20250922,0.0001822773162151266
8,"dev_price,dev_volume,order_flow,dev_price_60,ret_5,vol_20,clv_5,amihud",85,200,14.935676139812685,11.410284440526857,0.038725954189416406,2.6184172601141644,2.70052624324628,0.029220779220779217,-0.2738095238095239,microstructure,20250923,0.000312151267182623
8,"dev_price,dev_volume,order_flow,dev_price_60,ret_5,vol_20,clv_5,amihud",85,200,13.332749742750293,9.742026328718948,0.08152150738554248,2.516309743058151,5.16960546032166,0.10389610389610393,-0.34523809523809534,microstructure,20250924,0.004391638995110413
8,"dev_price,dev_volume,order_flow,dev_price_60,ret_5,vol_20,clv_5,amihud",85,200,13.74886387876572,9.989889333920921,0.030591615626671228,2.0195760442750914,2.5944105851283,0.045454545454545456,-0.30952380952380953,microstructure,20250925,0.0002642414793922482
6,"dev_price,dev_volume,order_flow,ebitda_growth,nd_ebitda,fcfe_to_ebitda",65,200,13.611991635890165,10.002679950523156,-0.036840684057641404,-0.16414560399493752,-0.25618538589600054,0.15259740259740262,-0.39285714285714296,fundamentals,20250921,8.872796597662132e-07
6,"dev_price,dev_volume,order_flow,ebitda_growth,nd_ebitda,fcfe_to_ebitda",65,200,13.539719128425677,9.914093881477841,-0.04498737552946291,-0.1641456039949376,-0.32811913083581395,0.12987012987012989,-0.4166666666666668,fundamentals,20250922,1.2226622881955265e-06
6,"dev_price,dev_volume,order_flow,ebitda_growth,nd_ebitda,fcfe_to_ebitda",65,200,13.33189807958119,9.702347154123686,-0.04020679816356553,-0.0747431931018473,-0.37786038987031434,0.11363636363636367,-0.3571428571428572,fundamentals,20250923,1.4915944208009513e-07
6,"dev_price,dev_volume,order_flow,ebitda_growth,nd_ebitda,fcfe_to_ebitda",65,200,13.470695150581799,9.842506373124003,-0.046837846890097186,0.24073856627723092,0.05333206794114221,0.07792207792207792,-0.4166666666666668,fundamentals,20250924,3.5051740458983544e-06
6,"dev_price,dev_volume,order_flow,ebitda_growth,nd_ebitda,fcfe_to_ebitda",65,200,13.481290643783,9.869614828695637,-0.036248862477342506,-0.13269938437520565,-0.3307941719154228,0.08766233766233768,-0.41666666666666674,fundamentals,20250925,2.514555998089244e-06
11,"dev_price,dev_volume,order_flow,dev_price_60,ret_5,vol_20,clv_5,amihud,ebitda_growth,nd_ebitda,fcfe_to_ebitda",115,200,13.859656436460098,10.39867731478299,0.050515863369848646,1.8488446812680464,2.4386768455733714,0.07467532467532469,-0.32142857142857145,full,20250921,0.00018555890642485586
11,"dev_price,dev_volume,order_flow,dev_price_60,ret_5,vol_20,clv_5,amihud,ebitda_growth,nd_ebitda,fcfe_to_ebitda",115,200,15.222393558229475,11.464568659051308,-0.009660524286387024,1.0892232680304983,0.8570923482235757,0.07792207792207793,-0.3095238095238096,full,20250922,8.733472676234819e-07
11,"dev_price,dev_volume,order_flow,dev_price_60,ret_5,vol_20,clv_5,amihud,ebitda_growth,nd_ebitda,fcfe_to_ebitda",115,200,15.403707053347015,11.57318536896372,0.04181231219805003,2.229033855373667,2.6214762326409367,0.0616883116883117,-0.19047619047619055,full,20250923,0.00022834537068474817
11,"dev_price,dev_volume,order_flow,dev_price_60,ret_5,vol_20,clv_5,amihud,ebitda_growth,nd_ebitda,fcfe_to_ebitda",115,200,13.226877027028609,9.689812871730847,0.06358559280569213,0.8421405639666041,1.3578247725756363,0.08766233766233768,-0.3690476190476191,full,20250924,5.43278454697002e-07
11,"dev_price,dev_volume,order_flow,dev_price_60,ret_5,vol_20,clv_5,amihud,ebitda_growth,nd_ebitda,fcfe_to_ebitda",115,200,12.964888973943543,9.730019056930018,0.09887271817546357,1.5707833828203823,2.041746714632663,0.2207792207792208,-0.07142857142857141,full,20250925,3.961970598110227e-05
