date,day,Y_attr,R30_scaled,R30,pre_agm
2025-01-05,1,48.00621796294503,24.94178200394285,-0.10622599202693629,0.0
2025-01-06,2,47.96262111254332,27.300650304690034,-0.09490547928582488,0.0
2025-01-08,3,51.48283051195711,23.227098674831133,-0.11490975584457158,0.0
2025-01-09,4,50.209878624789866,21.359214353836826,-0.12489523809523809,0.0
2025-01-10,5,57.64460626093681,16.933628200672846,-0.1514550791968358,0.0
2025-01-13,6,64.19111121903492,17.614893994079605,-0.14704170153469717,0.0
2025-01-14,7,66.2203161719343,16.1830208789508,-0.15648456503168642,0.0
2025-01-15,8,49.94333795688626,17.174655567803025,-0.1498778475838301,0.0
2025-01-16,9,53.74089051523723,26.015061245871745,-0.10099293350964322,0.0
2025-01-17,10,44.82275394307335,28.943820206134486,-0.08737920779097308,0.0
2025-01-20,11,50.443873271353084,32.343131961215626,-0.07256258345177113,0.0
2025-01-21,12,51.23967839486232,35.69407287873333,-0.05873519506721673,0.0
2025-01-22,13,50.85762536211112,41.11602235167518,-0.03749185554687211,0.0
2025-01-23,14,63.612347865867655,42.97183397656577,-0.03044109791075906,0.0
2025-01-24,15,59.52026754565191,47.4726530849497,-0.013610869108366007,0.0
2025-01-27,16,49.848615061148216,48.62199347241737,-0.009348623651927372,0.0
2025-01-28,17,49.653910023592736,51.36686494739928,0.0008171108059757091,0.0
2025-01-29,18,44.723626047010555,54.93525950262108,0.014087905981413226,0.0
2025-01-30,19,48.95479183872966,58.85831549791346,0.028903521595717904,0.0
2025-01-31,20,48.885576286263316,58.92500243132525,0.02915850077988808,0.0
2025-02-03,21,43.28797773337111,63.97783700646108,0.04892454078196262,0.0
2025-02-04,22,61.49712523155361,61.08449621857267,0.03748931857525435,0.0
2025-02-05,23,47.19185859630872,65.22744958714452,0.05398320495037187,0.0
2025-02-06,24,57.74118750612532,61.97559759021437,0.04097414156138646,0.0
2025-02-07,25,50.36472488951724,60.942032048874594,0.03693493222106361,0.0
2025-02-10,26,50.19699557408669,68.6898275593408,0.06847946576640607,0.0
2025-02-11,27,51.03878490565702,77.11891496340439,0.10822509460392982,0.0
2025-02-12,28,46.65147348593699,73.19009144409925,0.08871703085684016,0.0
2025-02-13,29,46.7125268875711,76.89510192980555,0.1070550295810424,0.0
2025-02-14,30,44.492042905118616,76.53785281636671,0.10520368105807382,0.0
2025-02-17,31,48.24478821815053,73.4121686379737,0.08976741940847102,0.0
2025-02-18,32,48.79436851026971,72.8354094257029,0.08705080343987856,0.0
2025-02-19,33,47.707807596694636,73.36537290153588,0.08954562046800457,0.0
2025-02-20,34,49.01341920710911,70.50116921223417,0.0764049510865507,0.0
2025-02-21,35,45.97690726756459,71.0584664256957,0.07889927086313275,0.0
2025-02-24,36,50.21597317735618,65.08122655709285,0.05338703257758112,0.0
2025-02-25,37,52.00756392886298,63.4096465138551,0.04665012404093638,0.0
2025-02-26,38,49.587906534609644,66.06489398472772,0.05742064572144445,0.0
2025-02-27,39,44.827854029701015,54.724311788882204,0.013299491772757056,0.0
2025-02-28,40,47.20189943307273,55.961237183671244,0.017932487786366007,0.0
2025-03-03,41,48.3148718713725,58.74294468814154,0.028462691480512104,0.0
2025-03-04,42,48.23441169696959,54.765942728148,0.013455035700864336,0.0
2025-03-05,43,49.63278146239345,52.629011743348286,0.0054980688219201795,0.0
2025-03-06,44,56.90857027714758,50.568106461392794,-0.0021415488509502582,0.0
2025-03-07,45,56.55061669825167,47.965531777533,-0.01178211233211233,0.0
2025-03-11,46,58.35129865397355,48.585508896495824,-0.0094838171341596,0.0
2025-03-12,47,50.667586428769916,49.80108836420403,-0.004981609954043219,0.0
2025-03-13,48,49.52942759655096,52.82729977480764,0.0062344447715800624,0.0
2025-03-14,49,45.77046609848036,53.23505095382512,0.0077497648442092885,0.0
2025-03-17,50,47.18342472747157,56.691980330477065,0.02068221899115101,0.0
2025-03-18,51,40.693353143347835,57.06904115698768,0.022105282309002033,0.0
2025-03-19,52,54.02378997505349,53.61066148403525,0.009147058018609745,0.0
2025-03-20,53,46.19667440545582,52.14756489802732,0.003711369882009423,0.0
2025-03-26,54,51.1805967301758,51.152334565309886,2.2283429856214537e-05,0.0
2025-03-27,55,49.54204609665691,53.345286321843446,0.008159698321543615,0.0
2025-03-28,56,44.254472102498724,50.4824433778151,-0.002458760683760653,0.0
2025-03-31,57,53.003508754706736,42.49602003262539,-0.032240873015873014,0.0
2025-04-01,58,48.735069497065005,45.69604666374728,-0.020220498194791603,1.0
2025-04-02,59,48.23684204420941,43.212146029312265,-0.029534000000000015,1.0
2025-04-03,60,51.97739799509169,45.522359055905866,-0.020868593725115462,1.0
2025-04-04,61,54.157033891002314,45.15695169636122,-0.022233416850276057,1.0
2025-04-07,62,46.302060066044774,44.75711466652927,-0.02372907937997062,1.0
2025-04-08,63,45.59089227409052,45.49975660324699,-0.02095296175611239,1.0
2025-04-09,64,45.30489007382259,49.555126126162065,-0.0058923510792608,1.0
2025-04-10,65,45.48187996300017,47.120024009396474,-0.014920350347644575,1.0
2025-04-11,66,50.24177969992641,33.839909331482794,-0.06630419501133787,1.0
2025-04-14,67,46.13803406764033,44.176908674144364,-0.025904013187812644,1.0
2025-04-15,68,48.44110142408404,48.269581525848935,-0.010654734077687373,1.0
2025-04-16,69,51.66543567021078,48.26430674331293,-0.010674288017217374,1.0
2025-04-17,70,49.602851298405064,46.06357127564657,-0.018850389025389026,1.0
2025-04-18,71,47.12022517494307,47.14636307021369,-0.014822505492104393,1.0
2025-04-21,72,48.51369211697616,48.69026178590605,-0.009095670133810064,1.0
2025-04-22,73,44.60070298498979,48.463536520582466,-0.009935826766534032,1.0
2025-04-23,74,47.706655227875444,50.40031974577007,-0.0027628559967861448,1.0
2025-04-24,75,55.05545200102617,53.19911175585471,0.0076161429329090445,1.0
2025-04-25,76,49.59885165244326,57.97652337310789,0.02554326075297476,1.0
2025-04-28,77,48.00468522041119,65.22769254426083,0.05398419649218672,1.0
2025-04-29,78,49.47754886694535,67.57373213370946,0.06372091427712481,1.0
2025-04-30,79,50.55172223520947,64.30666105762135,0.05024792601075166,1.0
2025-05-02,80,47.844369077041286,70.24097788744501,0.0752498167991613,1.0
2025-05-05,81,47.85152945001975,75.81117265309783,0.10149716482445154,1.0
2025-05-06,82,45.1238180501469,77.13527112362448,0.10831091701057491,1.0
2025-05-08,83,46.10330922928243,84.52451398564219,0.15291059974479856,1.0
2025-05-12,84,48.64437647430124,72.28423124666541,0.08448828098615332,1.0
2025-05-13,85,48.98228612175437,74.01170448832208,0.0926314713681588,1.0
2025-05-14,86,49.58428190125639,73.29050552739376,0.08919128517426067,1.0
2025-05-15,87,47.92331748969766,75.93199867649463,0.10210810810810811,1.0
2025-05-16,88,47.18114682868338,75.7514584936514,0.10119599430967355,0.0
2025-05-19,89,47.31739192963591,75.25565731827619,0.09871459678469387,0.0
2025-05-20,90,45.26915085936898,78.3563589229497,0.11484511894123153,0.0
2025-05-21,91,44.88617264430203,81.68569106411921,0.13415798762442824,0.0
2025-05-22,92,45.4150635872574,79.58284590822376,0.12168269600769602,0.0
2025-05-23,93,46.90932937704893,81.72483667044206,0.13440039990571553,0.0
2025-05-26,94,48.494912725298526,84.27064138056792,0.15112596390203448,0.0
2025-05-27,95,48.943854519817975,87.48309842873621,0.17573544955736137,0.0
2025-05-28,96,48.590597167281246,93.22848937818866,0.23849125300573765,0.0
2025-05-29,97,49.262647915689165,88.4199732593518,0.18392287178354683,0.0
2025-05-30,98,46.65610211744961,84.89938264626926,0.15559006734006733,0.0
2025-06-02,99,47.50784495847822,85.42995549028916,0.15947761385586265,0.0
2025-06-03,100,47.48640072735983,88.30914820866276,0.18292510834823122,0.0
2025-06-04,101,54.085553372634564,86.83812918804053,0.17039961957943583,0.0
2025-06-05,102,52.4472491488193,91.24703887281201,0.2127441860652308,0.0
2025-06-09,103,46.59656855628476,93.79028113952394,0.24706431190073322,0.0
2025-06-10,104,54.59961655437533,94.16553040822309,0.2532037177241397,0.0
2025-06-11,105,46.628671390733935,95.89974403366908,0.28754383242255194,0.0
2025-06-12,106,50.6093041971057,95.1216800526332,0.2707064223538831,0.0
2025-06-13,107,51.61417811210702,92.99494709779208,0.2351204243806071,0.0
2025-06-16,108,65.18719184040205,90.54893109357343,0.20493020848425572,0.0
2025-06-17,109,34.31192375264688,92.40883263055298,0.22709722222222223,0.0
2025-06-18,110,68.36246847409568,88.73725678741577,0.18682604072530523,0.0
2025-06-19,111,56.74739394984519,84.95053393455285,0.15595990464170234,0.0
2025-06-20,112,64.04360995524489,84.94862716892055,0.15594609968280426,0.0
2025-06-23,113,64.15952113831861,82.35360891213122,0.13835070935109797,0.0
2025-06-24,114,47.645917715778026,90.38876408499347,0.20321077455068567,0.0
2025-06-25,115,62.52390315026175,87.98773383440943,0.18007706664357165,0.0
2025-06-26,116,50.38511507384622,93.17595508452534,0.23772371599365624,0.0
2025-06-27,117,53.57132161022842,90.48707576670782,0.20426310779964685,0.0
2025-06-30,118,56.48273223709264,89.93678023144341,0.1984929740697434,0.0
2025-07-01,119,52.7220899364936,90.07176545459284,0.19988184632117317,0.0
2025-07-02,120,69.71431580979817,87.03010187592861,0.17196408097688184,0.0
2025-07-03,121,44.11716214835783,84.60992776436748,0.15351640121636803,0.0
2025-07-04,122,40.577048459891444,84.40271736977844,0.15205145738586018,0.0
2025-07-08,123,44.7875283271738,82.29481212354848,0.13797668903897556,0.0
2025-07-09,124,69.39622741893255,79.52842222516165,0.12137296035858211,0.0
2025-07-10,125,69.53821056310831,72.75404942508038,0.0866705213693798,0.0
2025-07-11,126,34.490258161246004,73.9651602783609,0.0924076079943008,0.0
2025-07-14,127,45.626845263094175,77.47578390164365,0.11010753968253968,0.0
2025-07-15,128,41.259921249924815,78.84482408575249,0.11753336351518924,0.0
2025-07-16,129,49.2495339775128,79.1062020254517,0.11899051000071179,0.0
2025-07-17,130,47.49948108523711,79.72363996294615,0.12248684163059172,0.0
2025-07-18,131,41.23898931599833,79.901893018975,0.12351093073593075,0.0
2025-07-21,132,67.25382826082472,71.79185855160217,0.08222561363448176,0.0
2025-07-22,133,71.3694428344066,63.771812969888245,0.04809807145276422,0.0
2025-07-23,134,69.16538087956798,60.58793043345222,0.03556009717843307,0.0
2025-07-24,135,50.44815881355724,47.566670656414445,-0.013261900118310705,0.0
2025-07-25,136,30.679214542223406,44.523014635805566,-0.02460593798003069,0.0
2025-07-28,137,59.64911874916542,43.85416336534348,-0.02711638458596282,0.0
2025-07-29,138,40.88108916234958,45.180052543119274,-0.022147077305817935,0.0
2025-07-30,139,62.56881078294324,43.04066458700785,-0.030181159454917686,0.0
2025-07-31,140,35.2623254822839,50.433518752076054,-0.0026399245668125917,0.0
2025-08-01,141,41.36156517691355,63.631487863320956,0.04753631784531228,0.0
2025-08-04,142,46.76431328628252,66.77036693930974,0.06034847183002277,0.0
2025-08-05,143,53.25297304682342,61.422078448251696,0.038805952578427075,0.0
2025-08-06,144,46.012303185655256,68.31777533498831,0.06688328330821754,0.0
2025-08-07,145,45.85386914555697,72.71127976945101,0.0864708980525429,0.0
2025-08-08,146,49.32435194183673,58.59359990336819,0.027892591243829368,0.0
2025-08-11,147,45.50329346143852,66.79154822676526,0.060436853104160804,0.0
2025-08-12,148,45.35615386448894,66.93024186907799,0.06101627074414341,0.0
2025-08-13,149,45.998509105000295,65.02165227832486,0.05314447194719465,0.0
2025-08-14,150,45.69101367683022,67.57021285608138,0.06370604759539186,0.0
2025-08-15,151,48.60274559644978,70.6763296127718,0.07718592327174442,0.0
2025-08-18,152,49.02692218954533,73.08904833302083,0.08824094050291859,0.0
2025-08-19,153,51.52982972725404,76.45639015175776,0.10478426944729215,0.0
2025-08-20,154,47.80875216993181,75.49086753883893,0.09988755411255419,0.0
2025-08-21,155,50.35605054661252,77.16201213320217,0.1084513228525279,0.0
2025-08-22,156,53.266140086808385,76.80406743671038,0.10658138371290553,0.0
2025-08-25,157,50.24137008119382,73.9686860367155,0.09242455672326819,0.0
2025-08-26,158,47.89118031851504,71.26866994797197,0.07984744882503138,0.0
2025-08-27,159,48.18377157541153,73.47375363000211,0.09005969520696853,0.0
2025-08-28,160,52.61913422436067,69.86174468727206,0.07357655185582562,0.0
2025-08-29,161,45.84454879573347,67.30390312197649,0.06258347547974406,0.0
2025-09-02,162,46.10420504653613,72.28994886983146,0.08451470022501431,0.0
2025-09-03,163,52.00779383476112,73.26758841952127,0.0890829484455267,0.0
2025-09-04,164,46.425157573922995,73.576956199779,0.09055045763089078,0.0
2025-09-05,165,46.72504291087737,75.39675797882515,0.09941733829149184,0.0
2025-09-08,166,48.14104486547207,74.80907693220755,0.09650796291680114,0.0
2025-09-09,167,47.60755526640481,74.4557755922168,0.0947805670263268,0.0
2025-09-10,168,47.55195276158942,77.59607265707061,0.11074680630902142,0.0
2025-09-11,169,47.81567648932749,78.44207118487026,0.11531361917183952,0.0
2025-09-12,170,50.10032512656202,73.41202699484026,0.08976674768354656,0.0
2025-09-15,171,55.51423005424811,59.63454448357026,0.03187943278417214,0.0
2025-09-16,172,49.58725347073887,53.81344131683912,0.009902034361586244,0.0
2025-09-17,173,40.76522255479695,60.0309215677118,0.033406112044818005,0.0
2025-09-18,174,46.03867286343635,55.11278588736444,0.014751921281333048,0.0
2025-09-19,175,36.31867355882988,52.05605019801441,0.0033719269952940077,0.0
2025-09-22,176,38.64702552274294,54.938504732003956,0.01410004008782548,0.0
2025-09-23,177,48.01296662755777,49.73636399674468,-0.005221264020801301,0.0
2025-09-24,178,39.460200959703805,49.75205976796814,-0.005163147224555017,0.0
2025-09-25,179,45.80576464383782,51.93637743059535,0.0029281181293094247,0.0
2025-09-26,180,49.91303490694674,49.95436837371161,-0.004414070456085141,0.0
2025-09-29,181,47.73724117406752,51.14354658281,-1.0272177375390823e-05,0.0
2025-09-30,182,51.50320249956768,52.543109391068874,0.0051791529520382115,0.0
2025-10-01,183,51.11644272230525,49.1945182377192,-0.0072277549938782,0.0
2025-10-02,184,47.26798286370409,49.83374175318514,-0.004860705665910403,0.0
2025-10-03,185,46.64293224015338,49.64694996857706,-0.005552341720195034,0.0
2025-10-06,186,44.497234319858656,51.164971813818795,6.909933653566e-05,0.0
2025-10-07,187,43.83394297473572,51.265665077198186,0.00044214745675926273,0.0
2025-10-08,188,45.34861634287511,54.242013015302916,0.011499241363211947,0.0
2025-10-09,189,46.670428519715934,51.949425877668666,0.0029765044638336187,0.0
2025-10-10,190,46.8431962417475,50.59343937362976,-0.002047738370100846,0.0
2025-10-13,191,47.510750373811995,52.64828467069187,0.005569628193273321,0.0
2025-10-14,192,50.64759420912289,46.65507999765024,-0.016648564732882936,0.0
2025-10-15,193,50.22982901108219,46.87012604389969,-0.015848980356526807,0.0
2025-10-16,194,43.93813993672577,45.67446423828203,-0.020301008987402166,0.0
2025-10-17,195,44.77795360791377,45.63622753596434,-0.02044366156719098,0.0
2025-10-20,196,51.66238029784547,44.23855079884566,-0.025672671949158316,0.0
2025-10-21,197,50.06313451632241,43.81529956400762,-0.027262503607503537,0.0
2025-10-22,198,49.96842215645083,40.478976248912545,-0.03993332809969083,0.0
2025-10-23,199,46.36985435981846,39.16452184246027,-0.04501099126451469,0.0
2025-10-24,200,46.957743447522525,38.131180750283114,-0.049045178549415286,0.0
2025-10-28,201,48.41099992334041,40.22334418564482,-0.040916447071776885,0.0
2025-10-29,202,49.55226280408046,41.877200266038194,-0.03458950520697516,0.0
2025-10-30,203,50.26321364137206,38.39832350773725,-0.04799838678653456,0.0
2025-10-31,204,46.11537121290094,36.579282585337744,-0.05518452380952381,0.0
2025-11-03,205,45.93506872714447,37.26857845186053,-0.05244490384606577,0.0
2025-11-04,206,48.29145190934813,37.19812158090557,-0.05272397184082846,0.0
2025-11-05,207,46.84792432733535,37.922840381947786,-0.04986350628207721,0.0
2025-11-06,208,45.69336954390191,38.36906939217701,-0.04811288328260165,0.0
2025-11-07,209,47.453228087561236,35.333960806536155,-0.06019073124259414,0.0
2025-11-10,210,47.64651677536963,33.638439107579075,-0.06713839117567931,0.0
2025-11-11,211,49.56627142260327,32.486653963921704,-0.07195616687442485,0.0
2025-11-12,212,46.463156804141605,32.45901508555612,-0.07207283960419804,0.0
2025-11-13,213,44.85765817117179,34.46172399169761,-0.06374463027702738,0.0
2025-11-14,214,45.140258265572584,32.75064131983325,-0.07084436635005348,0.0
2025-11-17,215,49.670238518026295,35.25543815467202,-0.06050899954688982,0.0
2025-11-18,216,45.85301603931661,37.21238725676939,-0.0526674505051148,0.0
2025-11-19,217,47.137107111248696,50.0,,0.0
2025-11-20,218,46.76476443566797,50.0,,0.0
2025-11-21,219,50.753279952034354,50.0,,0.0
2025-11-24,220,47.565345749339656,50.0,,0.0
2025-11-25,221,50.48042174055354,50.0,,0.0
2025-11-26,222,45.703367256191925,50.0,,0.0
2025-11-27,223,47.48191435236372,50.0,,0.0
2025-11-28,224,49.545380380278374,50.0,,0.0
2025-12-01,225,49.91120477242176,50.0,,0.0
2025-12-02,226,48.10611463491882,50.0,,0.0
2025-12-03,227,49.391769613785556,50.0,,0.0
2025-12-04,228,47.66389881724445,50.0,,0.0
2025-12-05,229,45.288356284470765,50.0,,0.0
2025-12-08,230,47.02715224109152,50.0,,0.0
2025-12-09,231,45.20235551663351,50.0,,0.0
2025-12-10,232,50.529434508515536,50.0,,0.0
2025-12-11,233,46.09764081853227,50.0,,0.0
2025-12-12,234,46.70884954835425,50.0,,0.0
2025-12-15,235,47.53145086315731,50.0,,0.0
2025-12-17,236,47.438954985406745,50.0,,0.0
2025-12-18,237,47.4408098094564,50.0,,0.0
2025-12-19,238,45.91492661120657,50.0,,0.0
2025-12-22,239,52.74243147023301,50.0,,0.0
2025-12-23,240,46.12030235436307,50.0,,0.0
2025-12-24,241,47.03999735582661,50.0,,0.0
2025-12-25,242,49.20456685049599,50.0,,0.0
2025-12-26,243,48.29267893509423,50.0,,0.0
2025-12-29,244,47.79886491193793,50.0,,0.0
2025-12-30,245,50.07961229458249,50.0,,0.0
2025-12-31,246,46.99095094497975,50.0,,0.0
