date,portfolio_return,n_picks,picks
2025-01-05,-0.03553534956300434,3,"KCEL,KZTK,KZTO"
2025-02-03,-0.0036376370868219147,3,"KMGZ,KZTK,KZTO"
2025-03-03,0.004772435282203725,3,"KCEL,KZTK,KZTO"
2025-04-01,0.07305900379500939,3,"KEGC,KZTK,KZTO"
2025-05-02,0.01981798868996867,3,"AIRA,KEGC,KMGZ"
2025-06-02,0.056274256144769885,3,"KCEL,KEGC,KZAP"
2025-07-01,0.07410806998340003,3,"AIRA,KCEL,KMGZ"
2025-08-01,0.05576582195039834,3,"AIRA,KZAP,KZTO"
2025-09-02,0.08453990978863422,3,"AIRA,KEGC,KZAP"
2025-10-01,-0.0007197648536400864,3,"AIRA,KMGZ,KZAP"
2025-11-03,0.0055035120850592395,3,"AIRA,KZAP,KZTK"
