fold,fit_end,test_start,test_end,n_train_rows,pooled_rank_ic,net_sharpe_15bps,spread_sharpe_15bps,n_spread_months,set
0,2025-01-01,2025-01-01,2025-03-18,1575,0.04181609873250663,-3.067122939977381,3.478606761954533,3,baseline
1,2025-03-19,2025-03-19,2025-06-03,1932,-0.00398926837739817,3.422643849459657,1.3973098256924792,4,baseline
2,2025-06-04,2025-06-04,2025-08-19,2275,0.1486293788789224,3.742421146361314,1.3067963816619992,3,baseline
3,2025-08-20,2025-08-20,2025-11-04,2646,0.046293271795402054,-2.2533006637445037,-2.0199564338569185,4,baseline
0,2025-01-01,2025-01-01,2025-03-18,1295,0.1662929871060239,-3.40077527744923,12.430752418868325,3,microstructure
1,2025-03-19,2025-03-19,2025-06-03,1652,0.006906506568541547,1.0011722979388005,-0.450017817867607,4,microstructure
2,2025-06-04,2025-06-04,2025-08-19,1995,0.2143087024632311,7.9865552585818715,6.111103797698853,3,microstructure
3,2025-08-20,2025-08-20,2025-11-04,2366,0.2761973856678382,3.382154655417342,5.273887157790662,4,microstructure
0,2025-01-01,2025-01-01,2025-03-18,1575,0.0858275894627514,-3.493870786379249,0.531368886498035,3,fundamentals
1,2025-03-19,2025-03-19,2025-06-03,1932,-0.2143764132685772,-1.4123015403045969,-2.386880253228613,4,fundamentals
2,2025-06-04,2025-06-04,2025-08-19,2275,-0.022592630018071286,4.748577598928176,0.8413185820123537,3,fundamentals
3,2025-08-20,2025-08-20,2025-11-04,2646,0.029556066805001682,2.400415444227316,-0.3472021805087695,4,fundamentals
0,2025-01-01,2025-01-01,2025-03-18,1295,0.14342728941561741,-2.2537931221733642,6.163366116214165,3,full
1,2025-03-19,2025-03-19,2025-06-03,1652,-0.08743032251367545,0.6131556342906542,0.12765301888704214,4,full
2,2025-06-04,2025-06-04,2025-08-19,1995,0.06950722718734507,2.2224434560710598,2.5818402320802813,3,full
3,2025-08-20,2025-08-20,2025-11-04,2366,0.17423007531079937,3.382154655417342,5.819474892483453,4,full
