epoch,train_loss,gradient_norm,learning_rate,val_loss
0,315990.2123317425,84742.90255796675,0.001,
1,315613.4787422378,76532.52964945434,0.001,
2,315299.50891830336,67214.4842593757,0.001,
3,315042.1875300852,58010.06233506137,0.001,
4,314829.7805040829,49836.582258668976,0.001,
5,314650.09607321885,43133.53770675977,0.001,
6,314493.70445430477,37913.028974033055,0.001,
7,314354.69122138974,33935.938218969306,0.001,
8,314229.81144369184,30892.46304374047,0.001,
9,314117.3000343848,28510.700664864587,0.001,
10,314016.04619431566,26589.88378513716,0.001,
11,313925.19106416893,24993.61406112989,0.001,
12,313843.96865584503,23632.80830234347,0.001,
13,313771.64314395026,22450.809651140127,0.001,
14,313707.4737740103,21412.967494783992,0.001,
15,313650.68550256046,20499.788715223334,0.001,
16,313600.4422459457,19702.44483227073,0.001,
17,313555.8250490852,19019.7447135754,0.001,
18,313515.81854026794,18455.94600923981,0.001,
19,313479.30941377726,18018.866665140522,0.001,
20,313445.1012463401,17717.713375200092,0.001,
21,313411.95002698305,17559.974980977007,0.001,
22,313378.62282531225,17546.855887249832,0.001,
23,313343.9767658842,17667.399486868813,0.001,
24,313307.04764851794,17892.918816006924,0.001,
25,313267.13063798717,18175.10302269312,0.001,
26,313223.83401760086,18451.463987306674,0.001,
27,313177.0942294203,18658.770054484514,0.001,
28,313127.15470644145,18749.608692044225,0.001,
29,313074.52175977733,18703.699817025117,0.001,
30,313019.9062844989,18528.11412325299,0.001,
31,312964.1479726037,18247.629127357457,0.001,
32,312908.1217728658,17891.974420310387,0.001,
33,312852.64577449625,17486.547291024955,0.001,
34,312798.41859871557,17048.97734681801,0.001,
35,312745.9986586922,16590.06979653046,0.001,
36,312695.8149844798,16116.464177364447,0.001,
37,312648.1902078452,15633.111307693793,0.001,
38,312603.3614189791,15144.833997011985,0.001,
39,312561.49365443684,14656.976046286372,0.001,
40,312522.68682591897,14175.414926060694,0.001,
41,312486.97904631717,13706.230135619771,0.001,
42,312454.3491593068,13255.250889737215,0.001,
43,312424.7203246341,12827.629653026075,0.001,
44,312397.96551389305,12427.523843428406,0.001,
45,312373.91498912673,12057.918980210212,0.001,
46,312352.36531414406,11720.591242577202,0.001,
47,312333.0891688783,11416.184763735453,0.001,
48,312315.8451659078,11144.36792896834,0.001,
49,312300.38695748925,10904.031507415913,0.001,
50,312286.4711105523,10693.496688678995,0.001,
51,312273.8634531462,10510.70974153581,0.001,
52,312262.34380684164,10353.409243918735,0.001,
53,312251.7091838459,10219.259785197697,0.001,
54,312241.77563399775,10105.951862547006,0.001,
55,312232.37897967274,10011.2713075325,0.001,
56,312223.37468818715,9933.143352138371,0.001,
57,312214.63711552584,9869.656899834983,0.001,
58,312206.0583244649,9819.074211237219,0.001,
59,312197.546643527,9779.830445896467,0.001,
60,312189.0250966942,9750.52659935606,0.001,
61,312180.42980070476,9729.91850542969,0.001,
62,312171.708398708,9716.90382242585,0.001,
63,312162.8185762794,9710.508318318836,0.001,
64,312153.72668812016,9709.872310182953,0.001,
65,312144.406510415,9714.237778990135,0.001,
66,312134.83812417265,9722.936446824573,0.001,
67,312125.00692811573,9735.378946261828,0.001,
68,312114.9027752263,9751.045109923953,0.001,
69,312104.51922428823,9769.475345717514,0.001,
70,312093.85289629444,9790.26302760817,0.001,
71,312082.9029250095,9813.047813490692,0.001,
72,312071.6704910294,9837.509795080918,0.001,
73,312060.1584291529,9863.364384807142,0.001,
74,312048.3708996092,9890.357848891805,0.001,
75,312036.3131145383,9918.263402232322,0.001,
76,312023.9911120703,9946.877787993848,0.001,
77,312011.41157124273,9976.018272593294,0.001,
78,311998.5816619183,10005.519994119106,0.001,
79,311985.50892465597,10035.233609568355,0.001,
80,311972.2011762693,10065.023192945486,0.001,
81,311958.6664374503,10094.764342722234,0.001,
82,311944.9128794337,10124.342463163819,0.001,
83,311930.948787165,10153.651189852606,0.001,
84,311916.7825368557,10182.590935369013,0.001,
85,311902.42258612823,10211.06753669095,0.001,
86,311887.87747523165,10238.990991479532,0.001,
87,311873.1558379703,10266.27427603625,0.001,
88,311858.2664211119,10292.832243510591,0.001,
89,311843.2181110973,10318.580606558453,0.001,
90,311828.01996685786,10343.435014356504,0.001,
91,311812.6812574961,10367.3102391678,0.001,
92,311797.21150348795,10390.119492439339,0.001,
93,311781.6205199363,10411.773894345157,0.001,
94,311765.91846026876,10432.182123419732,0.001,
95,311750.1158586226,10451.250273936454,0.001,
96,311734.22366904723,10468.881947788524,0.001,
97,311718.25329956145,10484.978604289021,0.001,
98,311702.2166390745,10499.440185361136,0.001,
99,311686.1260752211,10512.166025052169,0.001,
100,311669.99450129975,10523.056041129685,0.001,
101,311653.83531071735,10532.012193189408,0.001,
102,311637.66237768525,10538.940176961883,0.001,
103,311621.49002332543,10543.75130901795,0.001,
104,311605.3329668504,10546.364541152247,0.001,
105,311589.2062620424,10546.708530540374,0.001,
106,311573.12521985325,10544.72368151047,0.001,
107,311557.1053185159,10540.364068579362,0.001,
108,311541.16210312024,10533.59914930706,0.001,
109,311525.3110770478,10524.415179755773,0.001,
110,311509.5675880207,10512.816255229027,0.001,
111,311493.946711724,10498.824913977951,0.001,
112,311478.46313603665,10482.482260807225,0.001,
113,311463.13104880205,10463.847589775845,0.001,
114,311447.96403185645,10442.997508971686,0.001,
115,311432.9749636852,10420.024593925955,0.001,
116,311418.1759326348,10395.035618057982,0.001,
117,311403.5781621359,10368.149427199405,0.001,
118,311389.191948882,10339.494539699275,0.001,
119,311375.0266144235,10309.206562903526,0.001,
120,311361.0904702066,10277.425520980256,0.001,
121,311347.3907957099,10244.293187896714,0.001,
122,311333.9338290374,10209.95051352143,0.001,
123,311320.7247691328,10174.535221007442,0.001,
124,311307.76778862777,10138.17964069185,0.001,
125,311295.0660562947,10101.008830940536,0.001,
126,311282.62176804495,10063.13902050549,0.001,
127,311270.43618544925,10024.676391225279,0.001,
128,311258.50968080503,9985.716205070452,0.001,
129,311246.84178781684,9946.342266235863,0.001,
130,311235.43125702674,9906.626697898211,0.001,
131,311224.27611516265,9866.630004429997,0.001,
132,311213.37372761837,9826.401383600944,0.001,
133,311202.72086329065,9785.979249434402,0.001,
134,311192.3137610317,9745.391924793616,0.001,
135,311182.1481969725,9704.658463034248,0.001,
136,311172.21955199976,9663.789560039295,0.001,
137,311162.52287867304,9622.788520984654,0.001,
138,311153.05296690995,9581.652250228912,0.001,
139,311143.80440778355,9540.372237073481,0.001,
140,311134.7716548423,9498.93551485801,0.001,
141,311125.9490823996,9457.325575370449,0.001,
142,311117.33104032144,9415.523224954375,0.001,
143,311108.9119049056,9373.50737259647,0.001,
144,311100.68612552783,9331.255743833524,0.001,
145,311092.64826681314,9288.745517268086,0.001,
146,311084.7930461679,9245.95388302574,0.001,
147,311077.1153665949,9202.858524454548,0.001,
148,311069.6103447889,9159.438025973508,0.001,
149,311062.2733345689,9115.672211060362,0.001,
150,311055.09994578693,9071.542415282622,0.001,
151,311048.08605888457,9027.031699691093,0.001,
152,311041.2278353309,8982.125010236043,0.001,
153,311034.5217242084,8936.809288941546,0.001,
154,311027.96446522966,8891.073542432927,0.001,
155,311021.5530885126,8844.908873360386,0.001,
156,311015.2849114217,8798.308479827017,0.001,
157,311009.15753281687,8751.267627736099,0.001,
158,311003.168825032,8703.783600551378,0.001,
159,310997.31692390237,8655.855630542635,0.001,
160,310991.60021715635,8607.484815290956,0.001,
161,310986.0173314562,8558.67402272675,0.001,
162,310980.5671183758,8509.427787698656,0.001,
163,310975.24863956246,8459.75220263482,0.001,
164,310970.06115132396,8409.6548045544,0.001,
165,310965.0040888521,8359.144460362992,0.001,
166,310960.07705027505,8308.231252078316,0.001,
167,310955.2797807079,8256.92636334022,0.001,
168,310950.6121564499,8205.241968367216,0.001,
169,310946.0741694551,8153.191124249176,0.001,
170,310941.6659121857,8100.787667315446,0.001,
171,310937.38756293786,8048.0461141208825,0.001,
172,310933.23937171383,7994.981567474145,0.001,
173,310929.2216466986,7941.609627767269,0.001,
174,310925.3347413853,7887.946309784011,0.001,
175,310921.57904238073,7834.00796506094,0.001,
176,310917.9549579137,7779.811209789407,0.001,
177,310914.46290705807,7725.37285821456,0.001,
178,310911.1033096694,7670.709861365163,0.001,
179,310907.8765770383,7615.839251005764,0.001,
180,310904.7831032454,7560.77808856659,0.001,
181,310901.8232572054,7505.543418871303,0.001,
182,310898.9973753813,7450.152228382102,0.001,
183,310896.3057551482,7394.621407759035,0.001,
184,310893.7486487789,7338.967718435877,0.001,
185,310891.32625803153,7283.207762984648,0.001,
186,310889.03872930526,7227.357958986229,0.001,
187,310886.88614934083,7171.434516168659,0.001,
188,310884.8685414379,7115.453416571447,0.001,
189,310882.9858621576,7059.4303974743925,0.001,
190,310881.23799848545,7003.38093686945,0.001,
191,310879.62476542965,6947.320241288249,0.001,
192,310878.14590402145,6891.263235709355,0.001,
193,310876.80107970105,6835.224555417477,0.001,
194,310875.5898810578,6779.218539590239,0.001,
195,310874.5118189044,6723.259226441953,0.001,
196,310873.56632566266,6667.360349783639,0.001,
197,310872.7527550414,6611.535336822522,0.001,
198,310872.0703819822,6555.797307088545,0.001,
199,310871.5184028581,6500.159072332201,0.001,
