n_rules,cluster_radius,ridge_lambda,val_rank_ic,val_rmse,val_mae,empirical_C,final_loss
3,0.4,100.0,0.0847907960049897,13.735588903403114,10.416119859112433,59.922755790531205,229566.99565437972
3,0.3,100.0,0.08095833689888082,13.69524784821812,10.378042863700575,55.57278793230972,229790.5741685772
7,0.4,100.0,0.07561076196637073,17.885387024916337,14.760070207300858,76.60349475900698,287614.92289202224
3,0.6,100.0,0.07554180182188604,13.915588720003667,10.625763211407703,57.87461974832929,230909.71364107373
7,0.3,100.0,0.07426288690801487,17.826726102447086,14.676456578235031,75.23684163335376,288025.69275325723
3,0.4,10.0,0.07342651640418531,10.645106059399756,7.224037567288052,56.62297627867686,192164.83628827054
5,0.4,100.0,0.07055538445397543,15.895251208280936,12.729458275534803,71.18172078018077,253498.27253784763
5,0.3,100.0,0.06944315366813576,15.563969715429476,12.329136064553643,66.42998978538142,250646.12622097624
3,0.3,10.0,0.06805028518400223,10.725358086945038,7.291041300553357,77.16611075835928,191301.93770035583
3,0.5,10.0,0.06745879031008616,10.652573789349688,7.231795086982067,58.20070680074747,191916.4292624064
5,0.6,1.0,0.0669933588002434,10.687741215051533,7.203752455466037,73.80620499168626,182440.6769263207
7,0.4,10.0,0.0663395818200025,11.174449813588906,7.719660248728978,84.76951876074311,186643.19689337903
3,0.5,100.0,0.06414681342598308,13.992909399683018,10.727448352791805,52.693240334111714,230907.67465228142
5,0.6,100.0,0.06148385170489353,15.665101328871364,12.568405204522529,67.0652804552503,253147.354372357
7,0.4,1.0,0.05959722628744123,10.748108183563753,7.253039211756337,77.43966400555075,179627.31792732782
7,0.6,100.0,0.05690359189538379,17.388775651348176,14.392952630868802,68.39710791107399,285183.6287056838
3,0.6,1.0,0.05602375421029822,10.443354862937401,7.028417768377637,63.37867715614804,191351.8037602023
5,0.5,1.0,0.054346584712617635,10.611069515703802,7.097697801603346,77.12607352942833,184672.09303675173
5,0.3,10.0,0.053486649781536444,11.103576584148074,7.6229367556554735,88.83956070740393,189390.44096625218
3,0.6,10.0,0.053208833870451264,10.83747668279874,7.423582034953617,54.21854148235559,193136.4402056411
7,0.6,1.0,0.05102523279559746,10.756343103609478,7.273914318711586,79.90352162988025,181106.7936415153
5,0.5,10.0,0.05092736842054274,11.048192610167206,7.671252695990093,77.09385442405723,191160.73010278994
5,0.5,100.0,0.05004979013563125,15.739691458206785,12.599990791933365,73.57155660562753,251756.6991217163
5,0.4,10.0,0.04923378953649612,10.968772283099387,7.578984535297419,76.20015647380757,191653.03198189853
7,0.5,10.0,0.04829349155067667,11.298970897497927,7.897187011744257,80.85452821292638,191759.8629159996
5,0.6,10.0,0.04811581665588265,11.245952401145596,7.783026387349718,80.65165471749523,187700.61576987774
7,0.5,100.0,0.04783172089307816,17.42446583040908,14.353796697393749,60.32265556766179,283719.3108264881
7,0.6,10.0,0.04706544515983815,11.320408987165543,7.86812408820529,75.06680895389627,187042.24467841227
7,0.5,1.0,0.04323639321605574,10.727164720575677,7.2164648940170215,84.56730379466529,182193.85579311574
7,0.3,1.0,0.042316351836520834,10.642409474410888,7.169723250644091,77.0570742142766,187414.70809820705
5,0.4,1.0,0.04203105248336198,10.5714846869571,7.083861641917451,84.84564893904195,186995.24552816406
3,0.5,1.0,0.03646586742957984,10.4804719674334,7.04150675462726,78.93559662099194,191895.74025120251
3,0.4,1.0,0.03589832121230546,10.477484605275023,7.004763265943714,66.56312420051404,191311.41981411818
7,0.3,10.0,0.035158812638903955,11.401326186729918,7.959003994258401,81.44168792484744,187507.01953294105
5,0.3,1.0,0.03144254515715429,10.595425070416953,7.112789521219976,78.95272686910742,188217.12912575377
3,0.3,1.0,0.025428340442904332,10.453676355351389,6.996210930332544,68.26501567512072,191708.46586531558
